event_id,symbol,usable,reason,gross,p_pre,yield_pct,u_pdr,u_close,u_open,div_check,weekend,p_close_pre,pdr_literature,gap_min,monday,jump_ts,jump_over_div,pdr_overnight_2000,p_overnight_2000,abnormal_overnight_2000,pdr_premarket_0400,p_premarket_0400,abnormal_premarket_0400,pdr_open_0930,p_open_0930,abnormal_open_0930,pdr_open_1000,p_open_1000,abnormal_open_1000,pdr_close_1600,p_close_1600,abnormal_close_1600
rBITI-2026-06-01-1,rBITI,False,no 1m bars at/after openTime 2026-06-09 in window (0 pre-listing bars dropped),0.238113,,,-1.427894119967791,23.770000457763672,24.110000610351562,Yahoo agrees on ex-date and amount (to 3 dp),False,,,,False,,,,,,,,,,,,,,,,,
rBITO-2026-06-01-1,rBITO,False,no 1m bars at/after openTime 2026-06-09 in window (0 pre-listing bars dropped),0.014114,,,17.712909168201787,10.020000457763672,9.770000457763672,Yahoo agrees on ex-date and amount (to 3 dp),False,,,,False,,,,,,,,,,,,,,,,,
rCLOI-2026-06-01-1,rCLOI,False,no 1m bars at/after openTime 2026-06-09 in window (0 pre-listing bars dropped),0.2234,,,0.7162034351482067,52.95000076293945,52.790000915527344,Yahoo agrees on ex-date and amount (to 3 dp),False,,,,False,,,,,,,,,,,,,,,,,
rHYS-2026-06-01-1,rHYS,False,no 1m bars at/after openTime 2026-06-09 in window (0 pre-listing bars dropped),0.57,,,1.1228193316543313,93.91000366210938,93.2699966430664,Yahoo agrees on ex-date and amount (to 3 dp),False,,,,False,,,,,,,,,,,,,,,,,
rSATA-2026-06-01-1,rSATA,False,no 1m bars at/after openTime 2026-07-07 in window (0 pre-listing bars dropped),1.0833,,,1.3385069488015497,100.01000213623047,98.55999755859375,Yahoo agrees on ex-date and amount (to 3 dp),False,,,,False,,,,,,,,,,,,,,,,,
rSGOV-2026-06-01-1,rSGOV,False,no 1m bars at/after openTime 2026-06-09 in window (0 pre-listing bars dropped),0.299492,,,0.9015153762584852,100.66999816894531,100.4000015258789,Yahoo agrees on ex-date and amount (to 3 dp),False,,,,False,,,,,,,,,,,,,,,,,
rTLT-2026-06-01-1,rTLT,False,no bar at or before the pre-event cutoff,0.335777,,,2.4718841107481677,85.76000213623047,84.93000030517578,Yahoo agrees on ex-date and amount (to 3 dp),False,,,,False,,,,,,,,,,,,,,,,,
rBABA-2026-06-11-1,rBABA,True,,1.03,114.98,0.8958079666028874,4.373783741182494,115.37999725341797,110.875,AMOUNT MISMATCH: Yahoo 1.05 vs Bitget 1.03,False,115.42,4.356310679611645,1.0,False,2026-06-11T01:30:00+00:00,1.31067961165048,0.33980582524272673,114.63,-0.3716286790442336,5.025242718446604,109.804,-5.6461869425775575,3.9291262135922302,110.933,-4.286915422659776,3.997087378640781,110.863,-4.6053642491820534,2.1592233009708774,112.756,-3.9515018326182094
rCRM-2026-06-11-1,rCRM,True,,0.44,170.125,0.2586333578251286,6.0227134011008525,170.9199981689453,168.27000427246094,Yahoo agrees on ex-date and amount (to 3 dp),False,171.016,7.229545454545416,1.0,False,2026-06-11T00:04:00+00:00,2.272727272727273,-2.0340909090909323,171.02,0.45885584824603143,-0.06590909090908265,170.154,-1.1274881917869184,5.204545454545436,167.835,-2.1132419255982193,4.124999999999995,168.31,-2.0916041332164403,8.238636363636363,166.5,-4.1480385845613865
rTSM-2026-06-11-1,rTSM,True,,0.742067,407.055,0.18230140890051713,-6.077631488295531,408.75,413.260009765625,AMOUNT MISMATCH: Yahoo 0.955 vs Bitget 0.742067,True,408.584,-5.345878471889984,1.0,False,2026-06-11T13:00:00+00:00,5.038628587445575,-1.2869457879140078,408.01,0.1673841166215828,-11.608116248263263,415.669,0.9716414654594496,-7.406339319764901,412.551,0.5830132340528094,-18.92686239921734,421.1,2.4256521492557637,-17.784108443038164,420.252,1.224815627271525
rKO-2026-06-15-1,rKO,True,,0.53,82.66,0.6411807403822889,2.905662104768573,82.62000274658203,81.08000183105469,Yahoo agrees on ex-date and amount (to 3 dp),True,82.619,3.2056603773584866,1.0,True,2026-06-15T00:03:00+00:00,1.094339622641506,0.0,82.66,0.0005387822174962587,1.837735849056584,81.686,-2.302220538015398,3.2830188679245187,80.92,-3.4943931117847105,3.2603773584905555,80.932,-3.5593461890826794,3.2188679245283076,80.954,-3.7090476201564693
rMO-2026-06-15-1,rMO,True,,1.06,72.163,1.4688968030708258,1.7547175569354363,71.94000244140625,70.08000183105469,Yahoo agrees on ex-date and amount (to 3 dp),False,71.909,2.019811320754722,1.0,True,2026-06-15T00:00:00+00:00,1.035849056603786,-0.0047169811320845875,72.168,0.007467540722549959,1.3971698113207496,70.682,-3.176197974886341,2.259433962264147,69.768,-4.708259967279305,2.036792452830181,70.004,-4.460692942921085,2.410377358490559,69.608,-5.185767097195693
rSATA-2026-06-15-1,rSATA,False,no 1m bars at/after openTime 2026-07-07 in window (0 pre-listing bars dropped),0.0542,,,-16.051570427813655,98.94000244140625,99.80999755859375,Yahoo agrees on ex-date and amount (to 3 dp),False,,,,False,,,,,,,,,,,,,,,,,
rSTRC-2026-06-15-1,rSTRC,False,no 1m bars at/after openTime 2026-06-23 in window (0 pre-listing bars dropped),0.95833333,,,0.5008730698467868,94.80000305175781,94.31999969482422,Yahoo agrees on ex-date and amount (to 3 dp),True,,,,False,,,,,,,,,,,,,,,,,
rGEV-2026-06-16-1,rGEV,True,,0.5,980.625,0.05098789037603569,-25.5599365234375,979.0700073242188,991.8499755859375,Yahoo agrees on ex-date and amount (to 3 dp),False,979.645,-31.764000000000124,1.0,False,2026-06-16T00:04:00+00:00,12.720000000000027,2.230000000000018,979.51,-0.1241815470048091,-0.009999999999990905,980.63,-0.04220016631317769,-29.804000000000087,995.527,1.4252034816789827,-38.817999999999984,1000.034,1.9141217416557055,-3.9500000000000455,982.6,0.6901801689245479
rHPE-2026-06-16-1,rHPE,True,,0.1425,48.804,0.291984263584952,-0.8070025527686404,49.02000045776367,49.1349983215332,Yahoo agrees on ex-date and amount (to 3 dp),False,48.964,-1.445614035087741,1.0,False,2026-06-16T00:00:00+00:00,2.203508771929825,2.203508771929825,48.49,-0.6538684375411608,-1.831578947368391,49.065,0.49208218492811096,-2.5684210526315767,49.17,0.6554989265403321,-6.821052631578957,49.776,1.9265138425445416,2.8701754385964837,48.395,-0.3492680598590092
rSATA-2026-06-16-1,rSATA,False,no 1m bars at/after openTime 2026-07-07 in window (0 pre-listing bars dropped),0.0542,,,0.5534830128574724,100.01000213623047,99.9800033569336,Yahoo lists no dividend on this ex-date,False,,,,False,,,,,,,,,,,,,,,,,
rLRCX-2026-06-17-1,rLRCX,True,,0.26,369.884,0.07029230785868001,-48.69232177734375,369.3399963378906,382.0,Yahoo agrees on ex-date and amount (to 3 dp),True,369.36,-61.35384615384614,1.0,False,2026-06-17T11:27:00+00:00,7.5923076923078705,-2.4461538461537202,370.52,0.11813409224692428,-50.038461538461505,382.894,3.2943466722490156,-59.33846153846152,385.312,4.163311963241179,-71.2538461538462,388.41,5.089314850426085,-16.446153846153887,374.16,2.3509510381736654
rSATA-2026-06-17-1,rSATA,False,no 1m bars at/after openTime 2026-07-07 in window (0 pre-listing bars dropped),0.0542,,,2.029531556301891,99.98999786376953,99.87999725341797,Yahoo lists no dividend on this ex-date,False,,,,False,,,,,,,,,,,,,,,,,
rSATA-2026-06-18-1,rSATA,False,no 1m bars at/after openTime 2026-07-07 in window (0 pre-listing bars dropped),0.0542,,,2.029531556301891,100.01000213623047,99.9000015258789,Yahoo agrees on ex-date and amount (to 3 dp),False,,,,False,,,,,,,,,,,,,,,,,
rAVGO-2026-06-22-1,rAVGO,True,,0.65,411.256,0.15805240531445136,-3.5538423978365383,411.3500061035156,413.6600036621094,Yahoo agrees on ex-date and amount (to 3 dp),True,411.06,-3.7692307692307514,1.0,True,2026-06-22T00:00:00+00:00,11.676923076923126,0.007692307692300696,411.251,-0.00014474263416719424,6.855384615384554,406.8,-1.035580759635557,-3.467692307692337,413.51,0.2799141934511695,16.70153846153845,400.4,-3.019939336454147,28.092307692307678,392.996,-4.121153123366261
rQQQ-2026-06-22-1,rQQQ,True,,0.81349,739.817,0.10995827346492444,-1.721009986677771,740.6199951171875,742.02001953125,Yahoo agrees on ex-date and amount (to 3 dp),True,739.68,-5.014198084795221,1.0,True,2026-06-22T00:00:00+00:00,9.455555692141276,0.0184390711625052,739.802,-0.0009564833303055131,-0.9207242867152928,740.566,0.14917052108608386,-4.845787901510783,743.759,0.2646715545573164,-5.523116448880672,744.31,0.22709133870846276,2.2163763537351375,738.014,0.07519476103142742
rSATA-2026-06-22-1,rSATA,False,no 1m bars at/after openTime 2026-07-07 in window (0 pre-listing bars dropped),0.0542,,,-30.9963155936491,97.70999908447266,99.38999938964844,Yahoo agrees on ex-date and amount (to 3 dp),False,,,,False,,,,,,,,,,,,,,,,,
rVST-2026-06-22-1,rVST,True,,0.229,163.6,0.1399755501222494,1.0698476733078601,163.75,163.5050048828125,Yahoo agrees on ex-date and amount (to 3 dp),False,163.699,-3.8602620087335637,1.0,True,2026-06-22T13:28:00+00:00,2.777292576419195,0.0,163.6,0.0010710450990214504,0.0,163.6,0.04792926818165677,-4.292576419213992,164.583,0.3326928290512621,-8.794759825327555,165.614,0.8508303345871049,-14.85152838427952,167.001,2.3977545339823547
rAPH-2026-06-23-1,rAPH,False,no 1m bars at/after openTime 2026-09-03 in window (0 pre-listing bars dropped),0.25,,,12.5,82.9800033569336,79.8550033569336,AMOUNT MISMATCH: Yahoo 0.125 vs Bitget 0.25,False,,,,False,,,,,,,,,,,,,,,,,
rAVL-2026-06-23-1,rAVL,True,,0.20039,48.23,0.41548828529960613,18.963018299618476,48.290000915527344,44.4900016784668,Yahoo agrees on ex-date and amount (to 3 dp),False,48.24,14.90094316083639,11.0,False,2026-06-23T13:28:00+00:00,2.42028045311642,0.09980537950993572,48.21,-0.16047156299764387,14.945855581615836,45.235,-4.823335152369134,14.851040471081387,45.254,-4.694654270086341,5.928439542891338,47.042,-1.636895368230884,16.49283896402016,44.925,-5.509521576533261
rLABD-2026-06-23-1,rLABD,True,,0.07523,10.015,0.7511732401397904,-3.3231423634188486,10.0,10.25,Yahoo agrees on ex-date and amount (to 3 dp),False,9.999,-0.9038947228499218,2.0,False,2026-06-23T00:01:00+00:00,2.857902432540208,2.857902432540208,9.8,-2.2657834272560073,-1.8077894456998436,10.151,2.744455810988844,-0.6912136115911153,10.067,1.9950002384059529,6.500066462847278,9.526,-4.056374174073563,4.333377641898186,9.689,-1.9120575196639678
rSATA-2026-06-23-1,rSATA,False,no 1m bars at/after openTime 2026-07-07 in window (0 pre-listing bars dropped),0.0542,,,25.4612039376009,97.37999725341797,96.0,Yahoo agrees on ex-date and amount (to 3 dp),False,,,,False,,,,,,,,,,,,,,,,,
rSOXS-2026-06-23-1,rSOXS,False,no 1m bars at/after openTime 2026-07-15 in window (0 pre-listing bars dropped),0.0375,,,-184.00004069010419,33.0,39.900001525878906,AMOUNT MISMATCH: Yahoo 0.38 vs Bitget 0.0375,True,,,,False,,,,,,,,,,,,,,,,,
rSTM-2026-06-23-1,rSTM,True,,0.0765,79.565,0.09614780368252372,103.3987406811683,79.91000366210938,72.0,AMOUNT MISMATCH: Yahoo 0.09 vs Bitget 0.0765,False,79.89,101.17647058823523,2.0,False,2026-06-23T06:59:00+00:00,27.712418300653656,4.1176470588235,79.25,-0.5149063180470703,75.90849673202618,73.758,-5.911942486054366,96.9281045751633,72.15,-7.843645299853607,77.12418300653584,73.665,-6.589018994940021,85.51633986928107,73.023,-6.8791484530496
rTZA-2026-06-23-1,rTZA,False,no 1m bars at/after openTime 2026-07-15 in window (0 pre-listing bars dropped),0.03768,,,-42.462905754202744,39.099998474121094,40.70000076293945,AMOUNT MISMATCH: Yahoo 0.38 vs Bitget 0.03768,False,,,,False,,,,,,,,,,,,,,,,,
rYANG-2026-06-23-1,rYANG,True,,0.16314,34.66,0.47068667051356033,-11.707734751821192,34.599998474121094,36.5099983215332,Yahoo agrees on ex-date and amount (to 3 dp),False,34.594,-10.990560254995705,1.0,False,2026-06-23T01:04:00+00:00,3.0035552286379916,0.36778227289441684,34.6,-0.2921138105039689,-14.558048302071839,37.035,8.238772040049758,-10.58599975481184,36.387,6.458468048808075,-9.445874708839058,36.201,5.272349128739117,-10.254995709206828,36.333,6.169949590847423
rYINN-2026-06-23-1,rYINN,True,,0.20943,25.856,0.8099860767326733,8.499263174547618,25.84000015258789,24.059999465942383,Yahoo agrees on ex-date and amount (to 3 dp),False,25.847,7.93105094781073,1.0,False,2026-06-23T08:00:00+00:00,9.874421047605395,0.06684811154086281,25.842,-0.1731496366053631,9.941269159146257,23.774,-6.665796848388418,7.974024733801278,24.186,-4.983069939742668,7.305543618392786,24.326,-5.091086801913969,7.921501217590615,24.197,-5.073245888719303
rCRCA-2026-06-24-1,rCRCA,True,,0.181138,20.24,0.8949505928853755,1.2145398169047477,20.010000228881836,19.790000915527344,Yahoo agrees on ex-date and amount (to 3 dp),False,19.953,4.902339652640518,2.0,False,2026-06-24T13:30:00+00:00,4.245381973964593,-0.6624783314379147,20.36,0.4875786799474202,1.1317338162064188,20.035,-0.9806007763597968,6.486766995329512,19.065,-5.759213268391961,10.748710927580072,18.293,-9.707320797013496,16.015413662511456,17.339,-14.095043473872682
rGFS-2026-06-24-1,rGFS,True,,0.12,82.727,0.1450554232596371,-1.166661580403646,83.38999938964844,83.52999877929688,Yahoo agrees on ex-date and amount (to 3 dp),False,83.421,-1.5166666666665662,1.0,False,2026-06-24T12:54:00+00:00,5.691666666666725,-6.525000000000011,83.51,0.8411799412224807,-17.816666666666592,84.865,2.6166491978517614,-7.299999999999922,83.603,1.1050272897828117,1.450000000000055,82.553,-0.29808594334868044,-8.524999999999968,83.75,1.4745579619848792
rNXPI-2026-06-24-1,rNXPI,True,,1.014,298.795,0.3393631084857511,0.8678549140162721,299.94000244140625,299.05999755859375,Yahoo agrees on ex-date and amount (to 3 dp),False,300.123,3.35009861932938,10.0,False,2026-06-24T02:58:00+00:00,3.767258382642991,-1.1982248520709813,300.01,0.30132661491704127,0.0,298.795,0.03224507344257166,2.040433925049326,296.726,-0.6463252994770463,4.114398422090755,294.623,-1.4840306176917784,4.626232741617388,294.104,-1.332012245077352
rPSQ-2026-06-24-1,rPSQ,True,,0.228579,25.97,0.880165575664228,1.2249540828198346,26.049999237060547,25.770000457763672,Yahoo agrees on ex-date and amount (to 3 dp),False,26.038,0.9930921038240622,12.0,False,2026-06-24T00:05:00+00:00,0.699976813268061,0.699976813268061,25.81,-0.7214021903483414,1.1112131910630363,25.716,-0.945806524555104,0.6956019581851304,25.811,-0.5661221979717079,0.6649779726046464,25.818,-0.6730462996837994,0.06999768132679834,25.954,0.176350929216329
rSATA-2026-06-24-1,rSATA,False,no 1m bars at/after openTime 2026-07-07 in window (0 pre-listing bars dropped),0.0542,,,44.280470957175396,94.5,92.0999984741211,Yahoo agrees on ex-date and amount (to 3 dp),False,,,,False,,,,,,,,,,,,,,,,,
rSCHD-2026-06-24-1,rSCHD,True,,0.2525,32.04,0.7880774032459426,1.1485184773360149,32.02000045776367,31.729999542236328,Yahoo agrees on ex-date and amount (to 3 dp),False,32.035,1.168316831683161,1.0,False,2026-06-24T00:00:00+00:00,0.7920792079207892,0.7920792079207892,31.84,-0.7295264208899699,0.9702970297029602,31.795,-0.7324240901029899,1.188118811881191,31.74,-0.8902068880275116,1.1009900990098958,31.762,-0.9554209978494099,1.3267326732673301,31.705,-0.807607561253576
rSPXU-2026-06-24-1,rSPXU,True,,0.391445,39.2,0.9985841836734693,1.5072363999741742,39.369998931884766,38.779998779296875,Yahoo agrees on ex-date and amount (to 3 dp),False,39.356,1.2032341708286058,4.0,False,2026-06-24T00:03:00+00:00,1.0729476682548038,1.0729476682548038,38.78,-1.1767352669752262,0.9349972537648958,38.834,-0.9014283959451808,0.804710751191112,38.885,-0.7574487285839648,1.264545466157454,38.705,-1.3505106816630197,0.31422038856034606,39.077,-0.07581503150760893
rSQQQ-2026-06-24-1,rSQQQ,True,,0.637637,40.177,1.5870697165044678,1.41146377308548,40.560001373291016,39.65999984741211,Yahoo agrees on ex-date and amount (to 3 dp),True,40.58,1.0993715860277877,1.0,False,2026-06-24T00:00:00+00:00,0.8108061483257762,0.8108061483257762,39.66,-1.3921125795101186,1.1432837178520054,39.448,-1.7822258925329848,0.46735054584348434,39.879,-0.6955951983125597,0.44068960866448903,39.896,-0.7871607119118051,-0.31522637488100674,40.378,0.7382467121136216
rSTX-2026-06-24-1,rSTX,True,,0.74,1041.504,0.07105109533904815,14.68918259079392,1038.5899658203125,1027.719970703125,Yahoo agrees on ex-date and amount (to 3 dp),False,1038.988,42.80675675675678,1.0,False,2026-06-24T13:30:00+00:00,28.695945945945965,4.329729729729664,1038.3,-0.41293873536598635,-13.491891891892097,1051.488,0.9908587705575345,46.20675675675658,1007.311,-3.2369179796450487,31.839189189189085,1017.943,-2.349964846221264,65.31621621621615,993.17,-4.402828226867772
rTQQQ-2026-06-24-1,rTQQQ,True,,0.171229,75.149,0.22785266603680684,-2.0440373658731508,74.44000244140625,74.79000091552734,Yahoo agrees on ex-date and amount (to 3 dp),True,74.41,0.26864608214725466,1.0,False,2026-06-24T13:30:00+00:00,2.447015400428648,-0.7650573208977465,75.28,0.06901365469087484,-0.09928224775006517,75.166,0.054866798282549034,4.584503793165857,74.364,-0.9984687117412183,4.853149875313195,74.318,-1.1935587173884987,9.980785964994267,73.44,-2.0361882125702
rUPRO-2026-06-24-1,rUPRO,True,,0.299,136.007,0.2198416257986721,-1.1371114979619565,135.3800048828125,135.72000122070312,Yahoo agrees on ex-date and amount (to 3 dp),False,135.532,-0.046822742474854795,1.0,False,2026-06-24T07:35:00+00:00,1.4046822742474498,-0.4782608695652197,136.15,-0.0001650484255488749,1.1170568561873016,135.673,-0.21333052193119872,1.5418060200669323,135.546,-0.2928304421302208,-0.26421404682276833,136.086,-0.029670334009823662,4.204013377926438,134.75,-0.6862566571862239
rDGRW-2026-06-25-1,rDGRW,True,,0.16,94.859,0.16867139649374335,-0.5625247955322266,94.66999816894531,94.76000213623047,Yahoo agrees on ex-date and amount (to 3 dp),False,94.648,-1.8000000000000682,72.0,False,2026-06-25T13:27:00+00:00,4.075000000000006,1.181249999999956,94.67,-0.22501663259851812,-0.006250000000029843,94.86,-0.2728236371662751,-0.48125000000007745,94.936,-0.17113633576351095,2.6312499999999517,94.438,0.4558157758270176,1.7749999999999488,94.575,0.0891105569301498
rFTGC-2026-06-25-1,rFTGC,True,,0.1691,26.966,0.6270859600979011,0.3016002075267501,26.76099967956543,26.709999084472656,Yahoo agrees on ex-date and amount (to 3 dp),False,26.765,0.04730928444706753,697.0,False,2026-06-25T13:30:00+00:00,1.141336487285617,0.005913660555891319,26.965,-0.029481918997675827,0.005913660555891319,26.965,-0.2775862069017476,1.2359550561797732,26.757,-1.0273595083684972,1.4133648728563026,26.727,0.013331119587423057,-0.40804257835599683,27.035,0.6443800577157321
rPM-2026-06-25-1,rPM,True,,1.47,178.004,0.8258241387833982,1.8027169363839286,178.77999877929688,176.1300048828125,Yahoo agrees on ex-date and amount (to 3 dp),False,178.75,1.5863945578231249,2.0,False,2026-06-25T04:17:00+00:00,1.217687074829946,1.0299319727891032,176.49,-0.8763162299243454,1.1380952380952394,176.331,-1.2137443532478476,1.0789115646258396,176.418,-1.1433006590067296,-1.6510204081632796,180.431,2.263084894536427,-0.643537414965985,178.95,0.9199510171957193
rSATA-2026-06-25-1,rSATA,False,no 1m bars at/after openTime 2026-07-07 in window (0 pre-listing bars dropped),0.0542,,,-26.75285198591732,88.55999755859375,90.01000213623047,Yahoo agrees on ex-date and amount (to 3 dp),False,,,,False,,,,,,,,,,,,,,,,,
rFLQL-2026-06-26-1,rFLQL,True,,0.2235,76.911,0.29059562351289153,3.4452092727558723,76.94000244140625,76.16999816894531,Yahoo agrees on ex-date and amount (to 3 dp),False,76.931,3.2617449664429494,525.0,False,2026-06-26T13:30:00+00:00,3.1677852348993216,0.0044742729306701335,76.91,-0.0635260895545664,0.0044742729306701335,76.91,0.1071857145321542,3.1722595078299918,76.202,-0.31022977685145614,2.465324384787481,76.36,-0.5466558945975031,2.572706935123055,76.336,-0.6542785477942847
rMDT-2026-06-26-1,rMDT,True,,0.72,80.696,0.8922375334589076,0.9444448682996962,80.5199966430664,79.83999633789062,Yahoo agrees on ex-date and amount (to 3 dp),False,80.56,0.7569444444444469,1.0,False,2026-06-26T05:23:00+00:00,1.6250000000000024,0.9249999999999956,80.03,-0.8875456038719975,0.43611111111110135,80.382,-0.28062878342758335,0.9458333333333298,80.015,-0.23229304762544256,-0.06111111111110685,80.74,0.22428220920606146,-0.3805555555555568,80.97,0.4328847783667156
rSATA-2026-06-26-1,rSATA,False,no 1m bars at/after openTime 2026-07-07 in window (0 pre-listing bars dropped),0.0542,,,66.23609479502998,83.52999877929688,79.94000244140625,Yahoo agrees on ex-date and amount (to 3 dp),False,,,,False,,,,,,,,,,,,,,,,,
rVOO-2026-06-26-1,rVOO,True,,1.9622,675.493,0.2904841352908172,2.93038426256243,675.7100219726562,669.9600219726562,Yahoo agrees on ex-date and amount (to 3 dp),True,675.98,3.2973193354398265,1.0,False,2026-06-26T00:00:00+00:00,0.5519315054531055,0.5519315054531055,674.41,-0.22255323152381434,1.3785546835185205,672.788,-0.2919623465287735,3.049128529201947,669.51,-0.2741085114246866,1.5202323922128533,672.51,-0.2718468097316906,1.6410151870349747,672.273,-0.38335004947122053
rVTV-2026-06-26-1,rVTV,True,,1.0818,220.985,0.48953548883408377,1.673149211853219,220.49000549316406,218.67999267578125,Yahoo agrees on ex-date and amount (to 3 dp),False,220.37,1.6084303937881392,8.0,False,2026-06-26T02:38:00+00:00,1.3773340728415424,0.4668145683120945,220.48,-0.29074818331603636,-0.8347199112590049,221.888,0.5171109384619399,2.176927343316711,218.63,-0.45406823839573285,1.5853207616934768,219.27,-0.6063141918730919,2.403401737844354,218.385,-1.083211616466584
rBOTZ-2026-06-29-1,rBOTZ,True,,0.017986,36.49,0.04929021649767058,-20.57170836106034,36.0099983215332,36.380001068115234,Yahoo agrees on ex-date and amount (to 3 dp),False,35.95,-24.463471589013555,2886.0,True,2026-06-29T00:01:00+00:00,25.575447570332532,0.0,36.49,0.0001367562511234155,-10.230179028132854,36.674,-0.14698552876608595,5.559879906594097,36.39,-0.9471619523502617,1.9459579673081118,36.455,-0.8004848953166666,-21.127543645057017,36.87,-0.22388763510963194
rCOPX-2026-06-29-1,rCOPX,True,,0.257976,76.525,0.3371133616465207,0.5814553519664862,76.18000030517578,76.02999877929688,Yahoo agrees on ex-date and amount (to 3 dp),False,76.185,0.9497007473563609,2882.0,True,2026-06-29T09:00:00+00:00,2.0273203708871996,0.9109374515458781,76.29,-0.30695243028922015,0.29460104815954824,76.449,-0.7505472175623362,2.2676528049121156,75.94,-1.4375703281642727,5.004341489130815,75.234,-2.391598588040733,3.0235370732161178,75.745,-2.28454358225324
rLIT-2026-06-29-1,rLIT,True,,0.324862,76.85,0.4227221860767729,-3.1090190180152457,75.93000030517578,76.94000244140625,Yahoo agrees on ex-date and amount (to 3 dp),False,75.92,-2.6626690717904675,2911.0,True,2026-06-29T12:09:00+00:00,5.707038681039947,2.8627540309423467,75.92,-1.2100128859089176,-0.6125677980188889,77.049,-0.39228726917390766,0.20008495915187904,76.785,-0.7576946193869505,0.7541663844955407,76.605,-1.0233710685322528,-1.5391150703991234,77.35,-0.6146507482556407
rPAVE-2026-06-29-1,rPAVE,True,,0.1027,58.76,0.1747787610619469,0.09735464005066334,58.84000015258789,58.83000183105469,Yahoo agrees on ex-date and amount (to 3 dp),False,58.871,4.780915287244398,2883.0,True,2026-06-29T13:29:00+00:00,5.384615384615358,-0.8763388510224286,58.85,0.15330217490328035,4.800389483933739,58.267,-1.4902393944894232,3.7000973709834026,58.38,-1.319812702362233,0.09737098344691344,58.75,-0.7215865856629144,1.5481986368062213,58.601,-1.5358610750572543
rSATA-2026-06-29-1,rSATA,False,no 1m bars at/after openTime 2026-07-07 in window (0 pre-listing bars dropped),0.0542,,,-58.856133605281364,87.75,90.94000244140625,Yahoo agrees on ex-date and amount (to 3 dp),False,,,,False,,,,,,,,,,,,,,,,,
rDIS-2026-06-30-1,rDIS,True,,0.75,98.705,0.7598399270553671,1.6266581217447917,98.62999725341797,97.41000366210938,Yahoo agrees on ex-date and amount (to 3 dp),False,98.655,1.9399999999999977,1.0,False,2026-06-30T02:16:00+00:00,3.4666666666666592,0.9133333333333363,98.02,-0.7103210692213202,0.23999999999999014,98.525,-0.32828707544741986,2.0066666666666606,97.2,-1.6031753439170848,2.660000000000006,96.71,-2.3520376502139007,3.022666666666661,96.438,-3.0717273292718783
rHIMX-2026-06-30-1,rHIMX,True,,0.242,14.722,1.6437983969569352,0.08264257888163418,14.569999694824219,14.550000190734863,AMOUNT MISMATCH: Yahoo 0.252 vs Bitget 0.242,False,14.575,-0.5413223140495877,16.0,False,2026-06-30T00:14:00+00:00,1.7024793388429713,1.7024793388429713,14.31,-2.814866743886457,0.008264462809912776,14.72,-0.15951060367278558,0.0661157024793389,14.706,-0.18711077604187665,-0.9008264462809916,14.94,1.149913624086496,-2.5537190082644643,15.34,3.4228147023043887
rMPWR-2026-06-30-1,rMPWR,True,,2.0,1308.795,0.15281231972921655,-6.57000732421875,1312.77001953125,1325.9100341796875,Yahoo agrees on ex-date and amount (to 3 dp),False,1313.265,-15.807500000000005,28.0,False,2026-06-30T08:33:00+00:00,10.981499999999983,-0.5974999999999682,1309.99,0.07497142519412581,0.0,1308.795,-0.14592549295413537,-18.042500000000018,1344.88,2.678686388421747,-21.67750000000001,1352.15,2.9817256166834616,-36.477499999999964,1381.75,4.799226883163299
rPCG-2026-06-30-1,rPCG,True,,0.05,17.195,0.29078220412910727,2.79998779296875,17.239999771118164,17.100000381469727,Yahoo agrees on ex-date and amount (to 3 dp),False,17.23,3.9000000000000057,488.0,False,2026-06-30T08:01:00+00:00,3.3800000000000097,0.0,17.195,-0.016333935844081715,0.0,17.195,-0.14592549295413537,3.200000000000003,17.035,-1.0089329435057914,4.90000000000002,16.95,-1.7556962444792545,7.59999999999998,16.815,-2.984929261140401
rSATA-2026-06-30-1,rSATA,False,no 1m bars at/after openTime 2026-07-07 in window (0 pre-listing bars dropped),0.0493,,,29.817468979779413,91.72000122070312,90.25,Yahoo agrees on ex-date and amount (to 3 dp),False,,,,False,,,,,,,,,,,,,,,,,
rSTRC-2026-06-30-1,rSTRC,True,,0.47916667,83.88,0.5712525870290892,5.593044076241323,83.66999816894531,80.98999786376953,Yahoo agrees on ex-date and amount (to 3 dp),True,83.75,6.135652131230241,2.0,False,2026-06-30T00:30:00+00:00,2.5043478086654125,1.1686956440438612,83.32,-0.6839543459537634,1.654956510226373,83.087,-1.0913236808415827,6.4069564771689835,80.81,-3.7384203528582183,4.622608663494874,81.665,-2.9715406020911495,-0.8264347768595858,84.276,-0.30288150546733394
rBITI-2026-07-01-1,rBITI,True,,1.448766,29.16,4.968333333333333,0.9939497020620426,29.030000686645508,27.59000015258789,Yahoo agrees on ex-date and amount (to 3 dp),False,29.04,0.9877371500987719,1.0,False,2026-07-01T00:00:00+00:00,0.9870469075061119,0.9870469075061119,27.73,-4.872620595885923,1.0553809241796122,27.631,-4.925353450972558,1.0705662612181666,27.609,-5.085223187805987,1.295585346425854,27.283,-6.3363951953890325,1.5081800649656318,26.975,-7.342518294505685
rBITO-2026-07-01-1,rBITO,True,,0.010375,7.945,0.13058527375707993,1.927709004965173,7.980000019073486,7.960000038146973,Yahoo agrees on ex-date and amount (to 3 dp),False,7.965,1.4457831325300896,1.0,False,2026-07-01T01:05:00+00:00,2.891566265060265,0.4819277108433632,7.94,-0.03157520581132944,-0.9638554216867264,7.955,0.4439960980963664,-0.4819277108433632,7.95,0.29663951539786737,-10.120481927710884,8.05,1.4220905705204623,-18.795180722891594,8.14,2.6049968149444824
rCLOI-2026-07-01-1,rCLOI,True,,0.2051,52.95,0.38734655335221907,0.6825908807822404,52.95000076293945,52.810001373291016,Yahoo agrees on ex-date and amount (to 3 dp),False,52.95,0.9410043881033883,1040.0,False,2026-07-01T13:30:00+00:00,0.9410043881033883,0.9410043881033883,52.757,-0.33313735018087876,0.9410043881033883,52.757,-0.046364032428003465,0.9410043881033883,52.757,-0.13078795307488456,1.0287664553876432,52.739,-0.29798447326203625,0.9263773768893458,52.76,-0.20820608910966376
rCMCSA-2026-07-01-1,rCMCSA,True,,0.33,24.585,1.342281879194631,0.9090885971531723,24.549999237060547,24.25,Yahoo agrees on ex-date and amount (to 3 dp),False,24.53,0.7878787878787926,6.0,False,2026-07-01T07:42:00+00:00,0.6969696969696982,0.2272727272727251,24.51,-0.2737066072130423,0.4727272727272799,24.429,-0.3164024779897745,0.9545454545454584,24.27,-1.0475622131577045,1.8090909090909129,23.988,-2.3278052776517177,2.57575757575758,23.735,-3.3067697242057936
rHEI-2026-07-01-1,rHEI,True,,0.13,354.6,0.03666102650874224,-18.538489708533653,356.19000244140625,358.6000061035156,Yahoo agrees on ex-date and amount (to 3 dp),False,356.08,-19.538461538461696,675.0,False,2026-07-01T13:25:00+00:00,10.953846153846422,0.0,354.6,0.031357456240277415,0.0,354.6,0.3181307739931527,-30.92307692307678,358.62,1.3673785961550555,-33.83076923076898,358.998,1.3407753950171242,-40.03846153846141,359.805,1.6184740947626786
rHYS-2026-07-01-1,rHYS,True,,0.57,93.51,0.6095604748155277,0.9473566423382677,93.5199966430664,92.9800033569336,Yahoo agrees on ex-date and amount (to 3 dp),False,93.506,1.0964912280701755,1031.0,False,2026-07-01T13:22:00+00:00,1.175438596491231,0.0,93.51,0.031357456240277415,0.0,93.51,0.3181307739931527,1.1035087719298333,92.881,-0.43894847763438216,1.0649122807017533,92.903,-0.5486237680246919,0.9473684210526426,92.97,-0.4268553496301952
rPWR-2026-07-01-1,rPWR,True,,0.11,719.275,0.015293177157554483,99.72700639204545,720.0399780273438,709.0700073242188,Yahoo agrees on ex-date and amount (to 3 dp),False,720.19,134.72727272727317,11.0,False,2026-07-01T07:58:00+00:00,64.63636363636273,3.8636363636359503,718.85,-0.02772981914117567,56.94545454545464,713.011,-0.552746150687955,126.40909090909066,705.37,-1.6994897682518606,219.0454545454548,695.18,-3.24939627448394,253.63636363636343,691.375,-3.728282847756925
rSATA-2026-07-01-1,rSATA,False,no 1m bars at/after openTime 2026-07-07 in window (0 pre-listing bars dropped),0.0493,,,3.2455103876140976,91.05000305175781,90.88999938964844,Yahoo agrees on ex-date and amount (to 3 dp),False,,,,False,,,,,,,,,,,,,,,,,
rSGOV-2026-07-01-1,rSGOV,True,,0.295765,100.665,0.29381115581383793,0.9297973927912574,100.66999816894531,100.3949966430664,Yahoo agrees on ex-date and amount (to 3 dp),False,100.67,0.9297922336990708,1.0,False,2026-07-01T00:00:00+00:00,0.9297922336990708,0.9297922336990708,100.39,-0.24182587460958027,0.9128869203591035,100.395,0.04991441279510456,0.9128869203591035,100.395,-0.03450950785177653,0.9128869203591035,100.395,-0.16771169376129658,0.9128869203591035,100.395,-0.11759336626615546
rTLT-2026-07-01-1,rTLT,True,,0.31803,86.265,0.36866631890106066,2.955679690632075,86.41999816894531,85.4800033569336,Yahoo agrees on ex-date and amount (to 3 dp),False,86.425,3.0217275099833305,1.0,False,2026-07-01T00:00:00+00:00,1.2105776184636832,1.2105776184636832,85.88,-0.4149417381027365,1.556456938024729,85.77,-0.2556824758764398,2.5186303178945444,85.464,-0.6948273146245132,1.996666981102428,85.63,-0.6355991985575793,2.311102726157908,85.53,-0.701402739722945
rSATA-2026-07-02-1,rSATA,False,no 1m bars at/after openTime 2026-07-07 in window (0 pre-listing bars dropped),0.0493,,,-19.066986641100407,96.86000061035156,97.80000305175781,Yahoo agrees on ex-date and amount (to 3 dp),False,,,,False,,,,,,,,,,,,,,,,,
rCSCO-2026-07-06-1,rCSCO,True,,0.42,112.465,0.3734495176277064,-0.8571443103608631,112.69000244140625,113.05000305175781,Yahoo agrees on ex-date and amount (to 3 dp),False,112.69,-0.5595238095238082,4321.0,True,2026-07-06T00:27:00+00:00,2.0952380952380847,-2.678571428571429,113.59,1.0003112079313592,-0.011904761904751078,112.47,-0.3714390709014914,-1.0952380952380805,112.925,-0.06476243687714156,-5.1547619047618864,114.63,1.558277311365397,-3.6547619047618967,114.0,0.5931182352639341
rMU-2026-07-06-1,rMU,True,,0.15,977.5,0.015345268542199489,-209.60001627604169,975.5599975585938,1007.0,Yahoo agrees on ex-date and amount (to 3 dp),True,975.405,-176.8666666666665,1.0,True,2026-07-03T17:24:00+00:00,80.33333333333303,3.3733333333331457,976.994,-0.05176470588235116,-223.33333333333334,1011.0,3.0512250759322512,-162.89999999999964,1001.935,2.025965670292984,-105.0666666666666,993.26,1.2455101793801493,-48.333333333333336,984.75,-0.03006285557387578
rSATA-2026-07-06-1,rSATA,False,no bar at or before the pre-event cutoff,0.0493,,,-0.8113775969035244,97.1500015258789,97.19000244140625,Yahoo agrees on ex-date and amount (to 3 dp),False,,,,False,,,,,,,,,,,,,,,,,
rOPRA-2026-07-07-1,rOPRA,True,,0.39,20.67,1.8867924528301885,-0.025636721880008012,20.540000915527344,20.549999237060547,AMOUNT MISMATCH: Yahoo 0.4 vs Bitget 0.39,False,20.56,-0.25641025641026005,273.0,False,2026-07-07T04:28:00+00:00,1.9487179487179527,1.9487179487179527,19.91,-3.7078662079243263,0.0,20.67,0.14081185963575882,0.025641025641029647,20.66,-0.0381214760729609,1.4615384615384621,20.1,-2.5167608530172414,2.5128205128205137,19.69,-4.315937613384091
rSATA-2026-07-07-1,rSATA,False,no bar at or before the pre-event cutoff,0.0493,,,-8.113621214582277,97.5999984741211,98.0,Yahoo agrees on ex-date and amount (to 3 dp),False,,,,False,,,,,,,,,,,,,,,,,
rSATA-2026-07-08-1,rSATA,True,,0.0493,96.995,0.050827362235166755,6.085099845096983,97.19999694824219,96.9000015258789,Yahoo agrees on ex-date and amount (to 3 dp),False,97.85,20.18255578093287,389.0,False,2026-07-08T11:32:00+00:00,12.555780933062877,5.983772819472652,96.7,-0.26554166535787127,10.020283975659225,96.501,-0.5645207907863381,2.839756592292101,96.855,0.2668356317516718,4.381338742393676,96.779,0.02899742915782877,10.040567951318552,96.5,-0.363181764340037
rINTU-2026-07-09-1,rINTU,True,,1.2,273.055,0.4394719012653128,9.558334350585938,272.1000061035156,260.6300048828125,Yahoo agrees on ex-date and amount (to 3 dp),False,272.09,8.299999999999983,11.0,False,2026-07-09T11:10:00+00:00,1.753333333333321,1.204166666666661,271.61,-0.5163174902171996,1.3950000000000293,271.381,-0.9451238486422375,9.104166666666677,262.13,-4.1531695393218,3.3474999999999966,269.038,-1.9342727980083851,-0.22916666666664773,273.33,-0.691403029014781
rSATA-2026-07-09-1,rSATA,True,,0.0493,96.21,0.051242074628417005,-13.995837971840137,96.30000305175781,96.98999786376953,Yahoo agrees on ex-date and amount (to 3 dp),False,96.51,-15.496957403651031,257.0,False,2026-07-09T13:26:00+00:00,20.46653144016228,-15.212981744421908,96.96,0.7924246700915183,0.0,96.21,-0.3320605463771109,-21.582150101420027,97.274,0.9537700412531436,-10.872210953346885,96.746,0.09397403652453562,-20.081135902637104,97.2,0.23688372482491005
rSATA-2026-07-10-1,rSATA,True,,0.0493,97.195,0.0507227738052369,-3.245355633161131,97.30000305175781,97.45999908447266,Yahoo agrees on ex-date and amount (to 3 dp),False,97.2,-2.2920892494928915,2.0,False,2026-07-10T04:41:00+00:00,44.21906693711982,-56.49087221095357,99.98,2.794712135732347,0.0,97.195,0.19428612491001473,-2.3935091277892337,97.313,-0.011800338893186435,6.348884381338503,96.882,-0.5133915521577603,-6.166328600405722,97.499,-0.16083240683306688
rSATA-2026-07-13-1,rSATA,True,,0.0493,97.54,0.05054336682386713,30.425963488843816,97.5,96.0,Yahoo agrees on ex-date and amount (to 3 dp),False,97.375,14.807302231237404,32.0,True,2026-07-13T06:16:00+00:00,18.255578093306116,-0.06085192697768994,97.543,0.31954602975844404,-0.10141987829605381,97.545,0.40624467716072754,18.15415821501035,96.645,-0.6931684252879378,12.068965517241645,96.945,-0.45514894715081855,14.989858012170474,96.801,0.055594251916757376
rSATA-2026-07-14-1,rSATA,True,,0.0493,96.74,0.05096133967335125,-13.995992726293105,96.80999755859375,97.5,Yahoo agrees on ex-date and amount (to 3 dp),False,96.75,-14.381338742393575,64.0,False,2026-07-14T08:00:00+00:00,65.92292089249493,-4.868154158215195,96.98,0.16602030894905528,-0.20283975659239586,96.75,-0.07787873109792454,-14.58417849898597,97.459,0.4192370052482408,-12.880324543610651,97.375,0.263972314440597,-23.935091277890606,97.92,0.7277612051163507
rSATA-2026-07-15-1,rSATA,True,,0.0493,97.875,0.05037037037037037,-1.561936693791202,97.9229965209961,98.0,Yahoo agrees on ex-date and amount (to 3 dp),False,97.92,-1.4198782961459064,6.0,False,2026-07-15T13:22:00+00:00,0.872210953346697,0.0,97.875,-0.0002655718026600695,-0.4868154158215195,97.899,-0.0064180422115978075,-2.3326572008112554,97.99,-0.0814164730315925,-4.665314401622799,98.105,0.005539576815838387,-6.7951318458416585,98.21,0.15597468823278504
rSOXS-2026-07-15-1,rSOXS,False,event type REVERSE_SPLIT is not a cash dividend,,,,,,,not checked,True,,,,False,,,,,,,,,,,,,,,,,
rSTRC-2026-07-15-1,rSTRC,True,,0.5,88.64,0.5640794223826715,-0.2599945068359375,88.20999908447266,88.33999633789062,Yahoo agrees on ex-date and amount (to 3 dp),True,88.2,-0.32399999999998386,3.0,False,2026-07-15T04:24:00+00:00,1.5200000000000102,0.7400000000000091,88.27,-0.4176843443658429,2.4000000000000057,87.44,-1.3847297287269522,0.5560000000000116,88.362,-0.5125414390283467,-0.48400000000000887,88.882,0.04356040294508645,1.740000000000009,87.77,-1.1677968145036188
rTZA-2026-07-15-1,rTZA,False,event type REVERSE_SPLIT is not a cash dividend,,,,,,,not checked,False,,,,False,,,,,,,,,,,,,,,,,
rSATA-2026-07-16-1,rSATA,True,,0.0493,98.401,0.05010111685856851,-0.8113775969035244,98.76000213623047,98.80000305175781,Yahoo agrees on ex-date and amount (to 3 dp),False,98.21,-12.880324543610651,389.0,False,2026-07-16T08:04:00+00:00,76.10547667342819,-7.281947261663467,98.76,0.3840470048787292,0.02028397565903781,98.4,0.17256610571745323,-9.006085192697823,98.845,0.6532859894388454,9.432048681541364,97.936,-0.16713073080649732,25.0709939148071,97.165,-0.6988986851247825
rSATA-2026-07-17-1,rSATA,True,,0.0493,97.073,0.050786521483831754,7.099360529839631,97.44999694824219,97.0999984741211,Yahoo agrees on ex-date and amount (to 3 dp),False,97.166,-0.04056795131865212,35.0,False,2026-07-17T00:32:00+00:00,41.03448275862061,41.03448275862061,95.05,-2.1432684996062212,-0.04056795131865212,97.075,0.582210775819314,-1.9269776876270401,97.168,1.0023973030694577,5.963488843813326,96.779,0.16915817018658963,-13.427991886409862,97.735,1.5318961219561444
rSATA-2026-07-20-1,rSATA,True,,0.0493,98.19,0.05020877889805479,1.6227551938070488,97.7300033569336,97.6500015258789,Yahoo agrees on ex-date and amount (to 3 dp),False,97.855,-3.1237322515212247,3000.0,True,2026-07-20T08:00:00+00:00,25.61866125760631,8.519269776876303,97.77,-0.43366841769478803,34.13793103448261,96.507,-2.103946452920402,3.671399594320434,98.009,-0.8813484305952191,6.085192697768705,97.89,-0.7506749183063155,9.93914807302221,97.7,-0.5293373549950298
rSATA-2026-07-21-1,rSATA,True,,0.0493,97.91,0.050352364416300685,-5.4767600904855485,97.77999877929688,98.05000305175781,Yahoo agrees on ex-date and amount (to 3 dp),False,97.91,2.738336713995759,34.0,False,2026-07-21T08:00:00+00:00,31.460446247464546,2.6369168356997053,97.78,-0.05664534797987786,-1.805273833671372,97.999,-0.34229811093298146,2.738336713995759,97.775,-0.6236293145382876,-2.7586206896553733,98.046,-0.33188806776023316,-7.8904665314403655,98.299,-0.4145213768689704
rSATA-2026-07-22-1,rSATA,True,,0.0493,98.101,0.050254329721409564,2.839744211935852,98.29000091552734,98.1500015258789,Yahoo agrees on ex-date and amount (to 3 dp),False,98.155,0.3042596348884497,192.0,False,2026-07-22T03:08:00+00:00,20.28397565922921,-3.8336713995944662,98.29,0.19359433036812979,-6.9574036511156905,98.444,0.6784867672438577,-0.7910750507099692,98.14,0.20244069157892008,-3.8336713995944662,98.29,0.09173193283207315,1.5212981744422485,98.026,-0.059341076119945324
rSATA-2026-07-23-1,rSATA,True,,0.0493,97.859,0.050378605953463655,4.259616317903778,98.08999633789062,97.87999725341797,Yahoo agrees on ex-date and amount (to 3 dp),False,97.92,3.4482758620690004,317.0,False,2026-07-23T11:12:00+00:00,7.5456389452332635,-4.482758620689729,98.08,0.21351339352135845,-0.02028397565932606,97.86,0.34469118443527513,2.2109533468558755,97.75,0.902212021047899,2.3529411764705817,97.743,0.7330012492604121,29.269776876267706,96.416,-0.410079657608553
rSATA-2026-07-24-1,rSATA,True,,0.0493,96.747,0.05095765243366719,-7.707855038904032,96.30000305175781,96.68000030517578,Yahoo agrees on ex-date and amount (to 3 dp),False,96.42,-3.7931034482758137,484.0,False,2026-07-24T13:25:00+00:00,10.58823529411776,-3.0628803245435345,96.898,0.15621255426451208,-3.0628803245435345,96.898,0.03465636430657337,2.839756592292101,96.607,-0.1503925855267152,1.2373225152128366,96.686,0.021280248145272296,-1.176470588235435,96.805,0.06035626905520619
rSATA-2026-07-27-1,rSATA,True,,0.0493,97.002,0.050823694356817384,-12.170354444646932,96.58000183105469,97.18000030517578,Yahoo agrees on ex-date and amount (to 3 dp),False,96.804,-7.01825557809338,3002.0,True,2026-07-27T08:00:00+00:00,43.59026369168359,5.720081135902566,96.72,-0.31509014500643584,4.888438133874232,96.761,-1.133107046392945,-3.002028397566133,97.15,-0.6819812694336846,-0.162271805274032,97.01,-0.4579825690124606,5.0912778904663405,96.751,-0.3593700281502965
rDGRW-2026-07-28-1,rDGRW,True,,0.065,95.656,0.0679518273814502,-4.6154315655048075,95.58999633789062,95.88999938964844,Yahoo agrees on ex-date and amount (to 3 dp),False,95.584,-6.338461538461414,122.0,False,2026-07-28T05:00:00+00:00,5.076923076923051,2.400000000000091,95.5,-0.20327965079447452,1.1384615384617274,95.582,0.13674352996018158,-5.230769230769065,95.996,0.3558463406200141,-7.1384615384615175,96.12,0.6817170286540608,-9.999999999999869,96.306,0.43225649166200864
rSATA-2026-07-28-1,rSATA,True,,0.0493,96.75,0.05095607235142119,5.679488423871704,96.76000213623047,96.4800033569336,Yahoo agrees on ex-date and amount (to 3 dp),False,96.8,-1.1967545638944728,23.0,False,2026-07-28T02:41:00+00:00,18.255578093306404,-15.212981744421908,97.5,0.7349985333706233,-4.036511156186574,96.949,0.41978882642411675,-2.2109533468558755,96.859,0.11306751148659755,5.172413793103356,96.495,-0.0669203690494502,17.221095334685675,95.901,-1.1247811619974457
rSATA-2026-07-29-1,rSATA,True,,0.0493,96.5,0.0510880829015544,-17.241348359454236,95.4000015258789,96.25,Yahoo agrees on ex-date and amount (to 3 dp),False,96.16,-0.3448275862071018,122.0,False,2026-07-29T01:55:00+00:00,22.312373225152015,22.312373225152015,95.4,-1.140030866802355,4.036511156186574,96.301,-0.04401815966604827,6.551724137930899,96.177,0.22464446108032554,8.417849898580249,96.085,0.3687065402712464,14.685598377282025,95.776,1.1325188740543224
rSATA-2026-07-30-1,rSATA,True,,0.0493,95.775,0.05147481075437222,-19.67548115016481,95.5,96.47000122070312,Yahoo agrees on ex-date and amount (to 3 dp),False,95.82,-12.373225152130095,474.0,False,2026-07-30T08:40:00+00:00,17.119675456389334,-34.989858012170274,97.5,1.7531716227146887,-21.277890466531286,96.824,1.3968869382823268,-13.286004056795155,96.43,0.250933822276056,-14.604462474645008,96.495,-0.09900382906486982,-28.21501014198765,97.166,0.18447417547604594
rSATA-2026-07-31-1,rSATA,True,,0.0516,97.477,0.05293556428696,4.069749699082485,97.20999908447266,97.0,Yahoo agrees on ex-date and amount (to 3 dp),False,97.305,1.085271317829682,51.0,False,2026-07-31T12:27:00+00:00,9.476744186046595,1.1046511627907396,97.42,-0.07125436964124932,0.019379844961332847,97.476,-0.2868727632623469,4.418604651162958,97.249,-0.44307398881177074,2.8294573643411005,97.331,0.07015503034885073,12.131782945736527,96.851,-1.1661432929851445
rSTRC-2026-07-31-1,rSTRC,True,,0.5,89.75,0.5571030640668524,0.6399993896484375,89.5,89.18000030517578,Yahoo agrees on ex-date and amount (to 3 dp),True,89.51,0.38400000000001455,3.0,False,2026-07-31T00:03:00+00:00,2.6200000000000045,-1.3400000000000034,90.42,0.7337390688509027,0.0,89.75,-0.2858468802335201,0.8640000000000043,89.318,-0.6905097055952325,0.21999999999999886,89.64,0.09737127846143334,0.5999999999999943,89.45,-0.8582023553857732
rBITI-2026-08-03-1,rBITI,True,,1.32930505,25.68,5.176421534267913,0.917772270070359,25.6299991607666,24.40999984741211,Yahoo agrees on ex-date and amount (to 3 dp),False,25.64,0.9019750583208884,1.0,True,2026-08-03T00:00:00+00:00,0.9674227898254063,0.04062272989935492,25.626,-0.22291045357596406,0.8861773300266939,24.502,-5.4625994306418235,0.9320659693574479,24.441,-5.560401318963081,1.088538706747559,24.233,-6.86213710103506,1.3014319023312222,23.95,-8.502955850537862
rBITO-2026-08-03-1,rBITO,True,,0.013749,8.51,0.16156286721504112,3.636641991043951,8.520000457763672,8.470000267028809,Yahoo agrees on ex-date and amount (to 3 dp),False,8.51,3.272965306567745,2.0,True,2026-08-03T03:46:00+00:00,2.909302494726827,0.0,8.51,-0.012630079744191391,4.36395374209037,8.45,-1.5804248952775324,3.272965306567745,8.465,-1.2644246230473333,-2.909302494726956,8.55,-0.7573666458988937,-8.800640046548871,8.631,-0.3443390866793239
rCLOI-2026-08-03-1,rCLOI,True,,0.21529999,52.9,0.4069943100189036,0.8825009300104938,52.9900016784668,52.79999923706055,Yahoo agrees on ex-date and amount (to 3 dp),False,52.975,0.8824895904547178,3566.0,True,2026-08-03T12:49:00+00:00,0.6316767594833738,-0.22758942069620852,52.949,0.07999751949967493,-0.22758942069620852,52.949,-0.7827444170677378,0.5341384363278512,52.785,-0.9530262681707202,0.5666512107130144,52.778,-1.4580257170683675,0.6316767594833408,52.764,-2.0232845728081705
rHYS-2026-08-03-1,rHYS,True,,0.55000001,92.785,0.5927682384006036,0.41818791409402656,92.72000122070312,92.48999786376953,Yahoo agrees on ex-date and amount (to 3 dp),False,92.782,0.8163636215206579,3383.0,True,2026-08-03T13:30:00+00:00,0.7745454404628137,0.050909089983455794,92.757,-0.0428073713322652,0.050909089983455794,92.757,-0.9055493078996779,0.82181816687603,92.333,-1.2227826708876122,0.6545454426446273,92.425,-1.6153956475324471,0.5727272623140457,92.47,-2.105690256293169
rSATA-2026-08-03-1,rSATA,True,,0.0516,96.975,0.05320959010054138,-9.302242781764777,96.9000015258789,97.37999725341797,Yahoo agrees on ex-date and amount (to 3 dp),False,97.075,-2.28682170542626,2934.0,True,2026-08-03T08:00:00+00:00,30.000000000000036,-24.515503875969003,98.24,1.2918298326043631,9.941860465116106,96.462,-1.404374336497205,-4.2248062015504555,97.193,-0.5108347575841776,-5.387596899224919,97.253,-0.9407300759081361,-2.0930232558140327,97.083,-1.654826816414512
rSGOV-2026-08-03-1,rSGOV,True,,0.30681199,100.715,0.3046338579159013,0.9288947042612115,100.70999908447266,100.42500305175781,Yahoo agrees on ex-date and amount (to 3 dp),False,100.715,0.9452042601073259,2403.0,True,2026-08-03T00:00:00+00:00,1.1407637621984537,-0.14666962656838056,100.76,0.03205045443641641,0.8963143845845324,100.44,-1.148419725193106,0.9452042601073259,100.425,-1.0235761840979296,0.9452042601073259,100.425,-1.51534311881788,0.9452042601073259,100.425,-2.0541369462023007
rTLT-2026-08-03-1,rTLT,True,,0.33045399,82.035,0.40282073505211186,0.030267863403521774,82.25,82.23999786376953,Yahoo agrees on ex-date and amount (to 3 dp),False,82.23,0.04539209830694001,781.0,True,2026-08-03T00:00:00+00:00,3.480060870198619,0.07565349717820467,82.01,-0.043104877086774795,-0.4387902836337677,82.18,-0.6986181917245204,-0.54470517968328,82.215,-0.5162164229561839,-0.18156839322776003,82.095,-1.1542623849206013,-0.5144437808119724,82.205,-1.5589671039976105
rSATA-2026-08-04-1,rSATA,True,,0.0516,97.399,0.05297795665253237,-0.5815195482830668,97.2699966430664,97.30000305175781,Yahoo agrees on ex-date and amount (to 3 dp),False,97.139,-9.39922480620154,46.0,False,2026-08-04T08:00:00+00:00,29.069767441860463,-29.0891472868218,98.9,1.568117204613395,-0.019379844961332847,97.4,-0.11752561206310741,-4.360465116278959,97.624,-0.1679022109819739,-0.6201550387596216,97.431,-0.6416672548646973,-10.775193798449562,97.955,-1.192535540608164
rSATA-2026-08-05-1,rSATA,True,,0.0516,97.87,0.05272299989782364,-3.6822178567102712,97.80999755859375,98.0,Yahoo agrees on ex-date and amount (to 3 dp),False,97.955,-0.09689922480611342,95.0,False,2026-08-05T01:33:00+00:00,0.9689922480622358,0.9689922480622358,97.82,-0.04578163470976282,0.0,97.87,-0.19142384915955546,-1.7441860465114185,97.96,-0.3803236494868356,-4.941860465116191,98.125,-0.18325852566383194,-6.860465116279054,98.224,0.7229375423307038
rSATA-2026-08-06-1,rSATA,True,,0.0516,98.225,0.05253245100534488,-8.720871089964874,98.04000091552734,98.48999786376953,Yahoo agrees on ex-date and amount (to 3 dp),False,98.065,-4.748062015503964,123.0,False,2026-08-06T08:04:00+00:00,27.480620155038608,3.391472868216999,98.05,-0.1771249006684461,0.0,98.225,0.03657122700355675,-1.6472868217055805,98.31,0.2003996217321835,-4.360465116279235,98.45,0.25214988606242494,-10.949612403101007,98.79,0.8874919438473072
rSATA-2026-08-07-1,rSATA,True,,0.0516,98.67,0.05229553055640012,-1.5502752259720203,98.80000305175781,98.87999725341797,Yahoo agrees on ex-date and amount (to 3 dp),False,98.79,-1.6472868217053052,74.0,False,2026-08-07T11:00:00+00:00,5.310077519379862,-2.7131782945736544,98.81,0.10547475462430178,0.0,98.67,-0.06346151345304474,-3.9728682170542307,98.875,-0.05362535949753333,-4.554263565891461,98.905,-0.08330134851155524,-11.240310077519347,99.25,0.06087934692600161
rSATA-2026-08-10-1,rSATA,True,,0.0516,98.424,0.052426237503048034,5.814012630965358,99.47000122070312,99.16999816894531,Yahoo agrees on ex-date and amount (to 3 dp),False,99.25,5.736434108527257,2888.0,True,2026-08-10T01:17:00+00:00,19.573643410852814,-18.333333333333293,99.37,0.9396832990452797,-0.019379844961057442,98.425,-0.1370801739665417,-10.27131782945711,98.954,0.5402967976298467,-11.065891472868177,98.995,0.567729914196069,-7.4612403100773435,98.809,0.4343521406751316
rSATA-2026-08-11-1,rSATA,True,,0.0516,98.605,0.052330003549515745,6.782916165137475,98.66999816894531,98.31999969482422,Yahoo agrees on ex-date and amount (to 3 dp),False,98.5,-7.616279069767455,207.0,False,2026-08-11T08:00:00+00:00,16.569767441860268,-16.569767441860268,99.46,0.8629529828301008,0.0,98.605,-0.09528914299326008,-5.5813953488371455,98.893,0.0908796989980365,0.5038759689924508,98.579,-0.2353307073208133,-9.22480620155037,99.081,0.7359753962908999
rSATA-2026-08-12-1,rSATA,True,,0.0516,99.07,0.05208438477843949,-6.395384322765262,99.13999938964844,99.47000122070312,Yahoo agrees on ex-date and amount (to 3 dp),False,99.205,-0.5813953488372313,13.0,False,2026-08-12T01:51:00+00:00,51.356589147286655,-16.86046511627916,99.94,0.8790748903700241,-0.1744186046511694,99.079,-0.06575552268774931,-3.1976744186047723,99.235,-0.21763845202291687,-5.03875968992258,99.33,0.05984088371531193,-4.06976744186062,99.28,-0.006193127842113455
rSATA-2026-08-13-1,rSATA,True,,0.0516,99.225,0.052003023431594866,0.0,99.4000015258789,99.4000015258789,Yahoo agrees on ex-date and amount (to 3 dp),False,99.28,-1.8410852713178074,297.0,False,2026-08-13T08:00:00+00:00,3.1976744186047723,-3.1976744186047723,99.39,0.14919799623807073,0.0,99.225,-0.12429630166712613,-2.9069767441861565,99.375,-0.10933275250102348,-4.4573643410853485,99.455,-0.4910642571102519,-7.073643410852889,99.59,-0.33869594574771344
rSATA-2026-08-14-1,rSATA,True,,0.0516,99.47,0.051874937166985026,0.0,99.69999694824219,99.69999694824219,Yahoo agrees on ex-date and amount (to 3 dp),False,99.59,-1.8217054263564745,280.0,False,2026-08-14T08:00:00+00:00,9.302325581395426,-9.302325581395426,99.95,0.43988995619939075,0.0,99.47,-0.014136855038127116,-4.1472868217054,99.684,0.22619269359195338,0.7751937984494581,99.43,-0.07516971659013993,5.135658914728693,99.205,-0.0019242774358274595
rSTRC-2026-08-14-1,rSTRC,True,,0.5,95.88,0.5214851898206091,1.0399932861328125,95.7699966430664,95.25,Yahoo agrees on ex-date and amount (to 3 dp),True,95.775,1.0,1.0,False,2026-08-14T10:51:00+00:00,0.5360000000000014,-0.2600000000000193,96.01,0.09291855051103415,0.549999999999983,95.605,-0.30095370943945543,1.2099999999999795,95.275,-0.619944629380409,2.9399999999999977,94.41,-1.568123045075931,2.2099999999999795,94.775,-0.8879945634267528
rSATA-2026-08-17-1,rSATA,True,,0.0516,99.445,0.05188797827945096,-7.17044800750969,99.26000213623047,99.62999725341797,Yahoo agrees on ex-date and amount (to 3 dp),False,99.205,-5.542635658914755,3071.0,True,2026-08-17T04:30:00+00:00,12.984496124031041,-9.399224806201815,99.93,0.485645004596047,3.779069767441728,99.25,-0.4072906486721317,-0.8914728682171799,99.491,0.0028307364949631264,0.8720930232555716,99.4,0.06672863020765751,-0.3875968992250045,99.465,0.4573352942545683
rSATA-2026-08-18-1,rSATA,True,,0.0516,99.36,0.051932367149758456,5.426480788593144,99.4800033569336,99.19999694824219,Yahoo agrees on ex-date and amount (to 3 dp),False,99.466,1.7248062015503611,483.0,False,2026-08-18T11:27:00+00:00,9.612403100775099,6.763565891472941,99.011,-0.36224887365959857,6.763565891472941,99.011,0.2460354410175336,-0.329457364341006,99.377,0.536739612172954,-0.9689922480619604,99.41,0.5977779444010345,-6.589147286821771,99.7,1.027480536574421
rSATA-2026-08-19-1,rSATA,True,,0.0516,99.55,0.05183324962330488,-2.1317947742550873,99.69000244140625,99.80000305175781,Yahoo agrees on ex-date and amount (to 3 dp),False,99.715,1.1627906976744626,236.0,False,2026-08-19T06:35:00+00:00,37.40310077519366,-7.558139534883732,99.94,0.37885652810254467,0.0,99.55,-0.10911778854614251,-2.03488372093031,99.655,-0.3213493064326389,-4.06976744186062,99.76,-0.156557354217024,-7.170542635659003,99.92,0.10324537389969635
rSATA-2026-08-20-1,rSATA,True,,0.0516,99.785,0.051711179034925094,0.969051390655281,99.94000244140625,99.88999938964844,Yahoo agrees on ex-date and amount (to 3 dp),False,99.92,2.3837209302326485,88.0,False,2026-08-20T08:00:00+00:00,28.759689922480515,7.4612403100773435,99.4,-0.3682976351820133,5.406976744185976,99.506,-0.1833705005940045,-0.23255813953489254,99.797,0.543177441577003,-2.616279069767541,99.92,0.5760557856122506,-3.5852713178295015,99.97,1.1353677638506143
rSATA-2026-08-21-1,rSATA,True,,0.0516,99.9,0.05165165165165165,-1.7441150753997092,99.91000366210938,100.0,Yahoo agrees on ex-date and amount (to 3 dp),False,99.97,0.09689922480611342,66.0,False,2026-08-21T06:26:00+00:00,26.744186046511814,-12.209302325581307,100.53,0.5749195939465546,0.0,99.9,-0.24237578077379585,-1.259689922480576,99.965,-0.2593697956245755,-1.7441860465114185,99.99,-0.16355898281270598,-2.034883720930034,100.005,-0.245546714024103
rSATA-2026-08-24-1,rSATA,True,,0.0516,100.005,0.05159742012899356,0.19383984942768895,100.01000213623047,100.0,Yahoo agrees on ex-date and amount (to 3 dp),False,100.005,0.3100775193796731,2881.0,True,2026-08-24T08:00:00+00:00,12.461240310077532,1.8410852713178074,99.91,-0.09512563734375146,0.5426356589145657,99.977,0.38754510764383854,0.3100775193796731,99.989,0.4001964432052474,0.2131782945735597,99.994,0.44040071191329133,0.03875968992239029,100.003,0.4527903266990818
rSATA-2026-08-25-1,rSATA,True,,0.0516,100.005,0.05159742012899356,0.0,100.0,100.0,Yahoo agrees on ex-date and amount (to 3 dp),False,100.005,0.11627906976744627,43.0,False,2026-08-25T04:27:00+00:00,27.325581395349047,0.29069767441861566,99.99,-0.004916057148629527,0.0,100.005,-0.17573564749158166,0.11627906976744627,99.999,-0.34725685155230224,0.0,100.005,-0.25705594338745197,0.0,100.005,-0.27146050465725047
rDGRW-2026-08-26-1,rDGRW,True,,0.055,100.989,0.05446137698165147,3.272732821377841,99.41999816894531,99.23999786376953,Yahoo agrees on ex-date and amount (to 3 dp),False,99.4,1.0909090909091324,214.0,False,2026-08-26T03:28:00+00:00,28.70909090909105,28.70909090909105,99.41,-1.5603991792418115,28.054545454545572,99.446,-1.5695910300165816,29.9818181818182,99.34,-1.6388645360828513,28.563636363636327,99.418,-1.791707595758807,32.27272727272737,99.214,-1.916580973200055
rSATA-2026-08-26-1,rSATA,True,,0.0516,100.005,0.05159742012899356,0.0,100.0,100.0,Yahoo agrees on ex-date and amount (to 3 dp),False,100.005,0.0,229.0,False,2026-08-26T08:00:00+00:00,12.77131782945748,0.4844961240308425,99.98,-0.021861306503789812,12.674418604651093,99.351,-0.6956691556026184,0.0,100.005,-0.006013433487517261,0.0,100.005,-0.23609262779200613,0.0,100.005,-0.1589638069740218
rSATA-2026-08-27-1,rSATA,True,,0.0516,100.005,0.05159742012899356,0.0,100.01000213623047,100.01000213623047,Yahoo agrees on ex-date and amount (to 3 dp),False,100.005,0.09689922480611342,88.0,False,2026-08-27T03:07:00+00:00,38.75968992248062,0.29069767441861566,99.99,-0.02953247402561754,0.0,100.005,0.20865557297236048,0.09689922480611342,100.0,0.25685780363068345,0.0,100.005,0.267047990781788,0.0,100.005,-0.05969002709407256
rSATA-2026-08-28-1,rSATA,True,,0.0516,100.005,0.05159742012899356,0.0,100.01000213623047,100.01000213623047,Yahoo agrees on ex-date and amount (to 3 dp),False,100.005,-0.019379844961332847,134.0,False,2026-08-28T08:00:00+00:00,7.984496124030851,-0.29069767441861566,100.02,-0.012800683970137783,8.275193798449466,99.578,-0.6097567218559474,-0.019379844961332847,100.006,-0.2873918887682736,0.0,100.005,-0.3928364506499138,5.910852713178151,99.7,-0.26393438091941723
rSATA-2026-08-31-1,rSATA,True,,0.0516,99.7,0.051755265797392175,-4.6511213908823885,99.75,99.98999786376953,Yahoo agrees on ex-date and amount (to 3 dp),False,99.86,-1.4534883720930782,2931.0,True,2026-08-31T08:00:00+00:00,23.52713178294571,-0.7751937984494581,99.74,0.04103013609589867,22.364341085271246,98.546,-1.0078794116020418,-4.554263565891461,99.935,0.5009715214779553,-4.554263565891461,99.935,0.6664206059193711,-5.910852713178151,100.005,0.5776805463210466
rSTRC-2026-08-31-1,rSTRC,True,,0.5,97.635,0.5121114354483536,0.220001220703125,97.33000183105469,97.22000122070312,Yahoo agrees on ex-date and amount (to 3 dp),True,97.34,-0.12000000000000455,1304.0,True,2026-08-31T00:01:00+00:00,2.5999999999999943,0.010000000000019327,97.63,-0.004211339341841924,0.5500000000000114,97.36,-0.13206828384689784,0.46999999999999886,97.4,0.02457202545314008,1.3160000000000025,96.977,-0.24322516449475362,0.9699999999999989,97.15,-0.2249852993236212
rBITI-2026-09-01-1,rBITI,True,,0.376238,19.33,1.946394205897569,0.21263116353492917,19.209999084472656,19.1299991607666,Yahoo agrees on ex-date and amount (to 3 dp),False,19.225,0.3534996465003606,1.0,False,2026-09-01T00:00:00+00:00,0.8239465444745048,0.8239465444745048,19.02,-1.570241052314203,1.1136567810800528,18.911,-1.9951152786828574,0.6325783147901051,19.092,-0.43297906102280903,0.7495255662639074,19.048,-0.7355194689270039,0.22326293463180122,19.246,0.34924817976880185
rBITO-2026-09-01-1,rBITO,True,,0.01081,10.585,0.1021256495040151,13.876093635947257,10.630000114440918,10.479999542236328,Yahoo agrees on ex-date and amount (to 3 dp),False,10.64,15.726179463459752,4.0,False,2026-09-01T13:06:00+00:00,3.7002775208141463,1.3876040703053254,10.57,-0.10822623911405094,0.0,10.585,0.17249982736989855,10.638297872340445,10.47,-0.288175374168842,7.863089731729959,10.5,-0.07967039554012123,17.483811285846443,10.396,-1.0017397212448653
rCLOI-2026-09-01-1,rCLOI,True,,0.2247,52.98,0.42412231030577585,0.6230502432062194,52.970001220703125,52.83000183105469,Yahoo agrees on ex-date and amount (to 3 dp),False,52.99,0.8945260347129529,691.0,False,2026-09-01T12:51:00+00:00,0.6141522029372413,0.0,52.98,0.03348372782029374,0.0,52.98,0.17249982736989855,0.8500222518913902,52.789,0.4377543043776133,0.8945260347129212,52.779,0.34396430195005046,0.8455718736092467,52.79,0.4251799655630939
rHYS-2026-09-01-1,rHYS,True,,0.49,93.005,0.5268533949787646,1.3265181560905612,93.0199966430664,92.37000274658203,Yahoo agrees on ex-date and amount (to 3 dp),False,93.006,1.2183673469387637,766.0,False,2026-09-01T13:28:00+00:00,0.6163265306122586,0.0,93.005,0.03348372782029374,0.0,93.005,0.17249982736989855,1.2163265306122233,92.409,0.1574419436053076,1.2040816326530392,92.415,0.08897825442633067,1.5204081632652864,92.26,-0.017226340441911514
rSATA-2026-09-01-1,rSATA,True,,0.0516,100.005,0.05159742012899356,0.3876796988553779,100.01000213623047,99.98999786376953,Yahoo agrees on ex-date and amount (to 3 dp),False,100.02,1.065891472868074,7.0,False,2026-09-01T03:41:00+00:00,23.643410852713156,19.476744186046425,99.0,-0.9714660246920803,4.8255813953487445,99.756,-0.0764877232525607,0.7751937984494581,99.965,0.7582697055611209,0.0,100.005,0.7233527504211579,0.6782945736433448,99.97,0.7488076120403364
rSGOV-2026-09-01-1,rSGOV,True,,0.307098,100.68,0.30502383790226456,0.9280544390044058,100.69000244140625,100.40499877929688,Yahoo agrees on ex-date and amount (to 3 dp),False,100.695,0.9443239617320597,1.0,False,2026-09-01T00:00:00+00:00,0.8140723808035221,0.8140723808035221,100.43,-0.2148277541026311,0.8140723808035221,100.43,-0.0758116545530263,0.8954796188838927,100.405,0.5251250755458847,0.8954796188838927,100.405,0.4502101203059383,0.8954796188838927,100.405,0.5106632320126092
rTLT-2026-09-01-1,rTLT,True,,0.314686,82.38,0.3819932022335519,2.0019869120900475,82.5199966430664,81.88999938964844,Yahoo agrees on ex-date and amount (to 3 dp),False,82.52,1.8272182429469466,1.0,False,2026-09-01T00:00:00+00:00,0.47666562859482614,0.47666562859482614,82.23,-0.1485993020413079,1.7541295132290362,81.828,-0.49756572252084297,1.3823303229250816,81.945,0.2702269190624107,0.9723978823334923,82.074,0.351903369503459,1.6206631372224722,81.87,0.16472356059834548
rSATA-2026-09-02-1,rSATA,True,,0.0516,100.004,0.051597936082556695,-0.969051390655281,99.94999694824219,100.0,Yahoo agrees on ex-date and amount (to 3 dp),False,99.97,-0.09689922480611342,60.0,False,2026-09-02T05:33:00+00:00,5.813953488372038,-0.11627906976744627,100.01,-0.0068627866171455665,-0.019379844961057442,100.005,0.11545037488434051,0.5620155038761739,99.975,-0.04251763905205319,0.4651162790697851,99.98,-0.207487205182999,0.058139534883723136,100.001,-0.42405140631657234
rAPH-2026-09-03-1,rAPH,False,event type SPLIT is not a cash dividend,,,,,,,not checked,False,,,,False,,,,,,,,,,,,,,,,,
rSATA-2026-09-03-1,rSATA,True,,0.0516,100.005,0.05159742012899356,0.0,100.0,100.0,Yahoo agrees on ex-date and amount (to 3 dp),False,99.99,-0.29069767441861566,72.0,False,2026-09-03T11:42:00+00:00,0.6395348837209545,-0.09689922480638882,100.01,0.009572629960041823,0.0,100.005,-0.06676404723393592,0.0,100.005,-0.39953905370129217,0.11627906976744627,99.999,-0.44996101606371575,0.0,100.005,-0.9523349125012182
rSATA-2026-09-04-1,rSATA,True,,0.0516,100.0,0.0516,0.19383984942768895,100.0,99.98999786376953,Yahoo agrees on ex-date and amount (to 3 dp),False,100.005,0.6782945736433448,258.0,False,2026-09-04T04:18:00+00:00,0.5813953488372313,-0.19379844961250225,100.01,-0.02545934081861212,0.0,100.0,-0.10146030365618675,0.5813953488372313,99.97,0.036777444753310906,0.29069767441861566,99.985,0.03236539685990136,-0.19186046511631388,100.0099,0.35451561556899547
rSATA-2026-09-08-1,rSATA,True,,0.0516,100.0002,0.0515998968002064,0.19383984942768895,100.01000213623047,100.0,Yahoo agrees on ex-date and amount (to 3 dp),False,100.01,0.23255813953489254,4329.0,True,2026-09-08T12:32:00+00:00,0.37790697674406265,-0.1899224806201255,100.01,0.01759674474282047,0.0038759689923767307,100.0,0.3064727312166893,0.04263565891476702,99.998,0.03288544394257631,0.10077519379849015,99.995,0.26380137483372756,0.0038759689923767307,100.0,0.4546112537298641
rSATA-2026-09-09-1,rSATA,True,,0.0516,99.97,0.05161548464539362,-0.3876796988553779,99.88999938964844,99.91000366210938,Yahoo agrees on ex-date and amount (to 3 dp),False,99.89,-0.38759689922472906,128.0,False,2026-09-09T11:25:00+00:00,1.5639534883719595,-0.5813953488372313,100.0,-0.0011376378779237584,-0.38759689922472906,99.99,-0.1078206472860277,1.1627906976744626,99.91,0.1440029422819511,0.19379844961250225,99.96,0.1848725405731111,-0.7751937984497336,100.01,0.4229170967561924
rSATA-2026-09-10-1,rSATA,True,,0.0516,100.0023,0.05159881322729577,1.5504230824551841,100.01000213623047,99.93000030517578,Yahoo agrees on ex-date and amount (to 3 dp),False,100.01,0.6782945736436201,323.0,False,2026-09-10T13:27:00+00:00,1.3546511627907765,-0.14922480620154685,100.01,-0.01588755522781149,0.23837209302345763,99.99,-0.15022035868320627,0.5290697674420733,99.975,0.6469065194884327,0.6259689922481867,99.97,0.7670507795743853,-0.14922480620154685,100.01,0.7048378876907457
rSATA-2026-09-11-1,rSATA,True,,0.0516,100.0007,0.05159963880252839,0.0,100.01000213623047,100.01000213623047,Yahoo agrees on ex-date and amount (to 3 dp),False,99.99,-0.19379844961250225,200.0,False,2026-09-11T07:39:00+00:00,32.94573643410858,-32.932170542635816,101.7,1.6134840550320995,0.9534883720930043,99.9515,-0.5191418368733713,0.01356589147276775,100.0,-0.9287037968794931,-0.17829457364354614,100.0099,-1.091732028388237,4.858527131782846,99.75,-1.1457004892182043
rSATA-2026-09-14-1,rSATA,True,,0.0516,99.9,0.05165165165165165,1.9379549248273982,99.75,99.6500015258789,Yahoo agrees on ex-date and amount (to 3 dp),False,99.75,1.9379844961239208,2926.0,True,2026-09-14T09:34:00+00:00,2.9069767441861565,-1.3565891472866896,99.97,0.033771005016247635,-1.8352713178292424,99.9947,0.7884012540662622,4.844961240310077,99.65,0.49960340892440946,-0.9689922480619604,99.95,0.6010763979389822,-2.1317829457364232,100.01,0.6035811836794691
rKO-2026-09-15-1,rKO,True,,0.53,89.41,0.5927748573985013,1.5471692355173938,89.3499984741211,88.52999877929688,Yahoo agrees on ex-date and amount (to 3 dp),True,89.35,2.5094339622641475,1.0,False,2026-09-15T09:28:00+00:00,0.5518867924528377,0.30188679245282374,89.25,-0.19342880630023318,1.4716981132075493,88.63,-0.36266350199908315,2.6226415094339632,88.02,-1.385184013015739,2.150943396226416,88.27,-1.0208341265051213,1.7147169811320742,88.5012,-0.5592703595495796
rMO-2026-09-15-1,rMO,True,,1.11,70.74,1.569126378286684,1.504502854905687,70.61000061035156,68.94000244140625,Yahoo agrees on ex-date and amount (to 3 dp),False,70.61,1.6711711711711745,2.0,False,2026-09-15T00:45:00+00:00,0.639639639639634,0.12612612612612661,70.6,-0.2123857374491389,1.0360360360360283,69.59,-1.1159493358085304,1.7882882882882876,68.755,-2.636598391387923,1.5225225225225203,69.05,-2.134839213160422,1.0270270270270274,69.6,-1.1543644449016788
rSATA-2026-09-15-1,rSATA,True,,0.0516,100.0001,0.0515999484000516,0.7752115412275921,100.01000213623047,99.97000122070312,Yahoo agrees on ex-date and amount (to 3 dp),False,100.01,2.1317829457364232,238.0,False,2026-09-15T11:41:00+00:00,1.3565891472866896,-0.7732558139535453,100.04,0.025422054146528872,-0.13759689922469207,100.0072,0.5168221300911768,1.9399224806201092,99.9,0.06935203384627053,0.777131782945922,99.96,0.21409107856519283,0.0019379844961883654,100.0,0.45707075451977275
rSTRC-2026-09-15-1,rSTRC,True,,0.5,98.94,0.5053567818880129,1.420013427734375,98.91000366210938,98.19999694824219,Yahoo agrees on ex-date and amount (to 3 dp),True,98.91,1.5,3.0,False,2026-09-15T00:29:00+00:00,0.47999999999998977,-0.28000000000000114,99.08,0.12702199297511818,1.367999999999995,98.256,-0.18160594043162837,1.5600000000000023,98.16,-0.61890464599893,2.280000000000001,97.8,-0.8980224242394197,3.4000000000000057,97.24,-1.2610423039994711
rNXPI-2026-09-16-1,rNXPI,True,,1.014,226.96,0.4467747620726119,-1.6173564000477687,226.35000610351562,227.99000549316406,Yahoo agrees on ex-date and amount (to 3 dp),False,226.35,-1.794871794871788,45.0,False,2026-09-16T00:40:00+00:00,1.2228796844181549,1.2228796844181549,225.72,-0.554911243459355,0.35502958579883004,226.6,-0.2411663041527401,-1.1932938856015578,228.17,0.3610343036294372,-0.8037475345167631,227.775,0.10654378247050289,6.814595660749504,220.05,-2.512412300935085
rSATA-2026-09-16-1,rSATA,True,,0.0516,99.99,0.05160516051605161,0.7752115412275921,100.0,99.95999908447266,Yahoo lists no dividend on this ex-date,False,100.0,0.5813953488372313,145.0,False,2026-09-16T11:42:00+00:00,3.4399224806203312,0.19379844961222684,99.98,-0.01856046351000895,-0.18798449612421256,99.9997,-0.07284707533170565,0.38759689922472906,99.97,-0.19210128839292073,3.2945736434108857,99.82,-0.4225673327298396,-0.3875968992250045,100.01,0.5521790542173499
rTSM-2026-09-16-1,rTSM,False,cash amount basis is UNRESOLVED; gross basis required,,,,,,,not checked,True,,,,False,,,,,,,,,,,,,,,,,
rCRM-2026-09-17-1,rCRM,False,cash amount basis is UNRESOLVED; gross basis required,,,,,,,not checked,False,,,,False,,,,,,,,,,,,,,,,,
rHPE-2026-09-17-1,rHPE,False,cash amount basis is UNRESOLVED; gross basis required,,,,,,,not checked,False,,,,False,,,,,,,,,,,,,,,,,
rSATA-2026-09-17-1,rSATA,False,no post-event bars on the ex-date,0.0516,100.0063,0.0515967494047875,,,,Yahoo lists no dividend on this ex-date,False,100.01,,,False,,,,,,,,,,,,,,,,,
rSATA-2026-09-18-1,rSATA,False,no 1m bars at/after openTime 2026-07-07 in window (0 pre-listing bars dropped),0.0516,,,,,,Yahoo lists no dividend on this ex-date,False,,,,False,,,,,,,,,,,,,,,,,
rAVGO-2026-09-21-1,rAVGO,False,no 1m bars at/after openTime 2026-06-01 in window (0 pre-listing bars dropped),0.65,,,,,,Yahoo lists no dividend on this ex-date,True,,,,False,,,,,,,,,,,,,,,,,
rSATA-2026-09-21-1,rSATA,False,no 1m bars at/after openTime 2026-07-07 in window (0 pre-listing bars dropped),0.0516,,,,,,Yahoo lists no dividend on this ex-date,False,,,,False,,,,,,,,,,,,,,,,,
rVST-2026-09-21-1,rVST,False,no 1m bars at/after openTime 2026-06-02 in window (0 pre-listing bars dropped),0.23,,,,,,Yahoo lists no dividend on this ex-date,False,,,,False,,,,,,,,,,,,,,,,,
rAPH-2026-09-22-1,rAPH,False,cash amount basis is UNRESOLVED; gross basis required,,,,,,,not checked,False,,,,False,,,,,,,,,,,,,,,,,
rSATA-2026-09-22-1,rSATA,False,no 1m bars at/after openTime 2026-07-07 in window (0 pre-listing bars dropped),0.0516,,,,,,Yahoo lists no dividend on this ex-date,False,,,,False,,,,,,,,,,,,,,,,,
rSTM-2026-09-22-1,rSTM,False,cash amount basis is UNRESOLVED; gross basis required,,,,,,,not checked,False,,,,False,,,,,,,,,,,,,,,,,
rGFS-2026-09-23-1,rGFS,False,no 1m bars at/after openTime 2026-06-11 in window (0 pre-listing bars dropped),0.12,,,,,,Yahoo lists no dividend on this ex-date,False,,,,False,,,,,,,,,,,,,,,,,
rLRCX-2026-09-23-1,rLRCX,False,no 1m bars at/after openTime 2026-06-02 in window (0 pre-listing bars dropped),0.33,,,,,,Yahoo lists no dividend on this ex-date,True,,,,False,,,,,,,,,,,,,,,,,
rSATA-2026-09-23-1,rSATA,False,no 1m bars at/after openTime 2026-07-07 in window (0 pre-listing bars dropped),0.0516,,,,,,Yahoo lists no dividend on this ex-date,False,,,,False,,,,,,,,,,,,,,,,,
rSATA-2026-09-24-1,rSATA,False,no 1m bars at/after openTime 2026-07-07 in window (0 pre-listing bars dropped),0.0516,,,,,,Yahoo lists no dividend on this ex-date,False,,,,False,,,,,,,,,,,,,,,,,
rSTX-2026-09-24-1,rSTX,False,no 1m bars at/after openTime 2026-06-02 in window (0 pre-listing bars dropped),0.74,,,,,,Yahoo lists no dividend on this ex-date,False,,,,False,,,,,,,,,,,,,,,,,
rMDT-2026-09-25-1,rMDT,False,cash amount basis is UNRESOLVED; gross basis required,,,,,,,not checked,False,,,,False,,,,,,,,,,,,,,,,,
rSATA-2026-09-25-1,rSATA,False,no 1m bars at/after openTime 2026-07-07 in window (0 pre-listing bars dropped),0.0516,,,,,,Yahoo lists no dividend on this ex-date,False,,,,False,,,,,,,,,,,,,,,,,
rSATA-2026-09-28-1,rSATA,False,no 1m bars at/after openTime 2026-07-07 in window (0 pre-listing bars dropped),0.0516,,,,,,"underlying fetch failed: UnderlyingDataError: SATA: Yahoo request failed: Client error '400 Bad Request' for url 'https://query1.finance.yahoo.com/v8/finance/chart/SATA?period1=1789689600&period2=1790812800&interval=1d&events=div%2Csplits'
For more information check: https://developer.mozilla.org/en-US/docs/Web/HTTP/Status/400",False,,,,False,,,,,,,,,,,,,,,,,
rSATA-2026-09-29-1,rSATA,False,no 1m bars at/after openTime 2026-07-07 in window (0 pre-listing bars dropped),0.0516,,,,,,"underlying fetch failed: UnderlyingDataError: SATA: Yahoo request failed: Client error '400 Bad Request' for url 'https://query1.finance.yahoo.com/v8/finance/chart/SATA?period1=1789776000&period2=1790899200&interval=1d&events=div%2Csplits'
For more information check: https://developer.mozilla.org/en-US/docs/Web/HTTP/Status/400",False,,,,False,,,,,,,,,,,,,,,,,
rMPWR-2026-09-30-1,rMPWR,False,cash amount basis is UNRESOLVED; gross basis required,,,,,,,not checked,False,,,,False,,,,,,,,,,,,,,,,,
rSTRC-2026-09-30-1,rSTRC,False,no 1m bars at/after openTime 2026-06-23 in window (0 pre-listing bars dropped),0.5,,,,,,"underlying fetch failed: UnderlyingDataError: STRC: Yahoo request failed: Client error '400 Bad Request' for url 'https://query1.finance.yahoo.com/v8/finance/chart/STRC?period1=1789862400&period2=1790985600&interval=1d&events=div%2Csplits'
For more information check: https://developer.mozilla.org/en-US/docs/Web/HTTP/Status/400",True,,,,False,,,,,,,,,,,,,,,,,
rPWR-2026-10-01-1,rPWR,False,cash amount basis is UNRESOLVED; gross basis required,,,,,,,not checked,False,,,,False,,,,,,,,,,,,,,,,,
rCSCO-2026-10-02-1,rCSCO,False,no 1m bars at/after openTime 2026-06-04 in window (0 pre-listing bars dropped),0.42,,,,,,"underlying fetch failed: UnderlyingDataError: CSCO: Yahoo request failed: Client error '400 Bad Request' for url 'https://query1.finance.yahoo.com/v8/finance/chart/CSCO?period1=1790035200&period2=1791158400&interval=1d&events=div%2Csplits'
For more information check: https://developer.mozilla.org/en-US/docs/Web/HTTP/Status/400",False,,,,False,,,,,,,,,,,,,,,,,
rCMCSA-2026-10-07-1,rCMCSA,False,no 1m bars at/after openTime 2026-06-10 in window (0 pre-listing bars dropped),0.33,,,,,,"underlying fetch failed: UnderlyingDataError: CMCSA: Yahoo request failed: Client error '400 Bad Request' for url 'https://query1.finance.yahoo.com/v8/finance/chart/CMCSA?period1=1790467200&period2=1791590400&interval=1d&events=div%2Csplits'
For more information check: https://developer.mozilla.org/en-US/docs/Web/HTTP/Status/400",False,,,,False,,,,,,,,,,,,,,,,,
rINTU-2026-10-08-1,rINTU,False,no 1m bars at/after openTime 2026-06-04 in window (0 pre-listing bars dropped),1.38,,,,,,"underlying fetch failed: UnderlyingDataError: INTU: Yahoo request failed: Client error '400 Bad Request' for url 'https://query1.finance.yahoo.com/v8/finance/chart/INTU?period1=1790553600&period2=1791676800&interval=1d&events=div%2Csplits'
For more information check: https://developer.mozilla.org/en-US/docs/Web/HTTP/Status/400",False,,,,False,,,,,,,,,,,,,,,,,
rTSM-2026-12-10-1,rTSM,False,cash amount basis is UNRESOLVED; gross basis required,,,,,,,not checked,True,,,,False,,,,,,,,,,,,,,,,,
rSTM-2026-12-15-1,rSTM,False,cash amount basis is UNRESOLVED; gross basis required,,,,,,,not checked,False,,,,False,,,,,,,,,,,,,,,,,
rSTM-2027-03-16-1,rSTM,False,cash amount basis is UNRESOLVED; gross basis required,,,,,,,not checked,False,,,,False,,,,,,,,,,,,,,,,,
