event_id,symbol,spot_symbol,ex_date,notional_usd,gross_dividend,net_dividend,basis,price,buy_price,price_label,fee_rate,fee_label,drop_ratio,drop_se,drop_label,cost_per_share,exit_edge_lower,exit_edge_point,buy_edge_point,verdict,buy,reason,sell_book_ts,sell_book_source,buy_book_ts,buy_book_source
rBABA-2026-06-11-1,rBABA,RBABAUSDT,2026-06-11,1000,1.03,0.721,GROSS,114.98,114.63,OBSERVED p_pre,0.0005,DOCUMENTED promotional 0.05% through 2026-08-31,0.33980582524272673,0.0,REALISED overnight_2000 PDR,0.3126795360344976,-0.683679536034489,-0.683679536034489,0.05832046396549384,HOLD,SUPPRESSED: eligibility snapshot time unpublished,,2026-09-16T23:27:40.187038+00:00,public_book,2026-09-17T04:27:30.024688+00:00,public_book
rBABA-2026-06-11-1,rBABA,RBABAUSDT,2026-06-11,5000,1.03,0.721,GROSS,114.98,114.63,OBSERVED p_pre,0.0005,DOCUMENTED promotional 0.05% through 2026-08-31,0.33980582524272673,0.0,REALISED overnight_2000 PDR,0.6020040674486105,-0.9730040674486019,-0.9730040674486019,-0.231004067448619,HOLD,SUPPRESSED: eligibility snapshot time unpublished,,2026-09-16T23:27:40.187038+00:00,public_book,2026-09-17T04:27:30.024688+00:00,public_book
rBABA-2026-06-11-1,rBABA,RBABAUSDT,2026-06-11,25000,1.03,0.721,GROSS,114.98,114.63,OBSERVED p_pre,0.0005,DOCUMENTED promotional 0.05% through 2026-08-31,0.33980582524272673,0.0,REALISED overnight_2000 PDR,1.1225276597834641,-1.4935276597834557,-1.4935276597834557,-0.7515276597834727,HOLD,SUPPRESSED: eligibility snapshot time unpublished,,2026-09-16T23:27:40.187038+00:00,public_book,2026-09-17T04:27:30.024688+00:00,public_book
rCRM-2026-06-11-1,rCRM,RCRMUSDT,2026-06-11,1000,0.44,0.308,GROSS,170.125,171.02,OBSERVED p_pre,0.0005,DOCUMENTED promotional 0.05% through 2026-08-31,-2.0340909090909323,0.0,REALISED overnight_2000 PDR,,,,,NO_SIGNAL,SUPPRESSED: eligibility snapshot time unpublished,"buy: $1,000 exceeds visible top-of-book ($252) on ticker-only symbol",2026-09-16T23:27:40.187038+00:00,ticker_only,2026-09-17T04:27:30.024688+00:00,ticker_only
rCRM-2026-06-11-1,rCRM,RCRMUSDT,2026-06-11,5000,0.44,0.308,GROSS,170.125,171.02,OBSERVED p_pre,0.0005,DOCUMENTED promotional 0.05% through 2026-08-31,-2.0340909090909323,0.0,REALISED overnight_2000 PDR,,,,,NO_SIGNAL,SUPPRESSED: eligibility snapshot time unpublished,"sell: $5,000 exceeds visible top-of-book ($1,003) on ticker-only symbol; buy: $5,000 exceeds visible top-of-book ($252) on ticker-only symbol",2026-09-16T23:27:40.187038+00:00,ticker_only,2026-09-17T04:27:30.024688+00:00,ticker_only
rCRM-2026-06-11-1,rCRM,RCRMUSDT,2026-06-11,25000,0.44,0.308,GROSS,170.125,171.02,OBSERVED p_pre,0.0005,DOCUMENTED promotional 0.05% through 2026-08-31,-2.0340909090909323,0.0,REALISED overnight_2000 PDR,,,,,NO_SIGNAL,SUPPRESSED: eligibility snapshot time unpublished,"sell: $25,000 exceeds visible top-of-book ($1,003) on ticker-only symbol; buy: $25,000 exceeds visible top-of-book ($252) on ticker-only symbol",2026-09-16T23:27:40.187038+00:00,ticker_only,2026-09-17T04:27:30.024688+00:00,ticker_only
rTSM-2026-06-11-1,rTSM,RTSMUSDT,2026-06-11,1000,0.742067,0.5194469,GROSS,407.055,408.01,OBSERVED p_pre,0.0005,DOCUMENTED promotional 0.05% through 2026-08-31,-1.2869457879140078,0.0,REALISED overnight_2000 PDR,0.9683913164758238,-2.442838216475808,-2.442838216475808,0.5060555835241605,HOLD,SUPPRESSED: eligibility snapshot time unpublished,,2026-09-16T23:27:40.187038+00:00,public_book,2026-09-17T04:27:30.024688+00:00,public_book
rTSM-2026-06-11-1,rTSM,RTSMUSDT,2026-06-11,5000,0.742067,0.5194469,GROSS,407.055,408.01,OBSERVED p_pre,0.0005,DOCUMENTED promotional 0.05% through 2026-08-31,-1.2869457879140078,0.0,REALISED overnight_2000 PDR,2.068964703563109,-3.543411603563093,-3.543411603563093,-0.5945178035631247,HOLD,SUPPRESSED: eligibility snapshot time unpublished,,2026-09-16T23:27:40.187038+00:00,public_book,2026-09-17T04:27:30.024688+00:00,public_book
rTSM-2026-06-11-1,rTSM,RTSMUSDT,2026-06-11,25000,0.742067,0.5194469,GROSS,407.055,408.01,OBSERVED p_pre,0.0005,DOCUMENTED promotional 0.05% through 2026-08-31,-1.2869457879140078,0.0,REALISED overnight_2000 PDR,3.965406203706584,-5.439853103706568,-5.439853103706568,-2.4909593037065996,HOLD,SUPPRESSED: eligibility snapshot time unpublished,,2026-09-16T23:27:40.187038+00:00,public_book,2026-09-17T04:27:30.024688+00:00,public_book
rKO-2026-06-15-1,rKO,RKOUSDT,2026-06-15,1000,0.53,0.371,GROSS,82.66,82.66,OBSERVED p_pre,0.0005,DOCUMENTED promotional 0.05% through 2026-08-31,0.0,0.0,REALISED overnight_2000 PDR,0.1746257853218563,-0.5456257853218562,-0.5456257853218562,0.1963742146781437,HOLD,SUPPRESSED: eligibility snapshot time unpublished,,2026-09-16T23:27:40.187038+00:00,public_book,2026-09-17T04:27:30.024688+00:00,public_book
rKO-2026-06-15-1,rKO,RKOUSDT,2026-06-15,5000,0.53,0.371,GROSS,82.66,82.66,OBSERVED p_pre,0.0005,DOCUMENTED promotional 0.05% through 2026-08-31,0.0,0.0,REALISED overnight_2000 PDR,0.37612860537324777,-0.7471286053732478,-0.7471286053732478,-0.005128605373247774,HOLD,SUPPRESSED: eligibility snapshot time unpublished,,2026-09-16T23:27:40.187038+00:00,public_book,2026-09-17T04:27:30.024688+00:00,public_book
rKO-2026-06-15-1,rKO,RKOUSDT,2026-06-15,25000,0.53,0.371,GROSS,82.66,82.66,OBSERVED p_pre,0.0005,DOCUMENTED promotional 0.05% through 2026-08-31,0.0,0.0,REALISED overnight_2000 PDR,0.6737656273458151,-1.0447656273458152,-1.0447656273458152,-0.30276562734581514,HOLD,SUPPRESSED: eligibility snapshot time unpublished,,2026-09-16T23:27:40.187038+00:00,public_book,2026-09-17T04:27:30.024688+00:00,public_book
rMO-2026-06-15-1,rMO,RMOUSDT,2026-06-15,1000,1.06,0.742,GROSS,72.163,72.168,OBSERVED p_pre,0.0005,DOCUMENTED promotional 0.05% through 2026-08-31,-0.0047169811320845875,0.0,REALISED overnight_2000 PDR,,,,,NO_SIGNAL,SUPPRESSED: eligibility snapshot time unpublished,"sell: $1,000 exceeds visible top-of-book ($629) on ticker-only symbol",2026-09-16T23:27:40.187038+00:00,ticker_only,2026-09-17T04:27:30.024688+00:00,ticker_only
rMO-2026-06-15-1,rMO,RMOUSDT,2026-06-15,5000,1.06,0.742,GROSS,72.163,72.168,OBSERVED p_pre,0.0005,DOCUMENTED promotional 0.05% through 2026-08-31,-0.0047169811320845875,0.0,REALISED overnight_2000 PDR,,,,,NO_SIGNAL,SUPPRESSED: eligibility snapshot time unpublished,"sell: $5,000 exceeds visible top-of-book ($629) on ticker-only symbol; buy: $5,000 exceeds visible top-of-book ($2,874) on ticker-only symbol",2026-09-16T23:27:40.187038+00:00,ticker_only,2026-09-17T04:27:30.024688+00:00,ticker_only
rMO-2026-06-15-1,rMO,RMOUSDT,2026-06-15,25000,1.06,0.742,GROSS,72.163,72.168,OBSERVED p_pre,0.0005,DOCUMENTED promotional 0.05% through 2026-08-31,-0.0047169811320845875,0.0,REALISED overnight_2000 PDR,,,,,NO_SIGNAL,SUPPRESSED: eligibility snapshot time unpublished,"sell: $25,000 exceeds visible top-of-book ($629) on ticker-only symbol; buy: $25,000 exceeds visible top-of-book ($2,874) on ticker-only symbol",2026-09-16T23:27:40.187038+00:00,ticker_only,2026-09-17T04:27:30.024688+00:00,ticker_only
rGEV-2026-06-16-1,rGEV,RGEVUSDT,2026-06-16,1000,0.5,0.35,GROSS,980.625,979.51,OBSERVED p_pre,0.0005,DOCUMENTED promotional 0.05% through 2026-08-31,2.230000000000018,0.0,REALISED overnight_2000 PDR,3.611346771612821,-2.846346771612812,-2.846346771612812,-4.37634677161283,HOLD,SUPPRESSED: eligibility snapshot time unpublished,,2026-09-16T23:27:40.187038+00:00,ticker_only,2026-09-17T04:27:30.024688+00:00,ticker_only
rGEV-2026-06-16-1,rGEV,RGEVUSDT,2026-06-16,5000,0.5,0.35,GROSS,980.625,979.51,OBSERVED p_pre,0.0005,DOCUMENTED promotional 0.05% through 2026-08-31,2.230000000000018,0.0,REALISED overnight_2000 PDR,,,,,NO_SIGNAL,SUPPRESSED: eligibility snapshot time unpublished,"sell: $5,000 exceeds visible top-of-book ($1,867) on ticker-only symbol; buy: $5,000 exceeds visible top-of-book ($3,760) on ticker-only symbol",2026-09-16T23:27:40.187038+00:00,ticker_only,2026-09-17T04:27:30.024688+00:00,ticker_only
rGEV-2026-06-16-1,rGEV,RGEVUSDT,2026-06-16,25000,0.5,0.35,GROSS,980.625,979.51,OBSERVED p_pre,0.0005,DOCUMENTED promotional 0.05% through 2026-08-31,2.230000000000018,0.0,REALISED overnight_2000 PDR,,,,,NO_SIGNAL,SUPPRESSED: eligibility snapshot time unpublished,"sell: $25,000 exceeds visible top-of-book ($1,867) on ticker-only symbol; buy: $25,000 exceeds visible top-of-book ($3,760) on ticker-only symbol",2026-09-16T23:27:40.187038+00:00,ticker_only,2026-09-17T04:27:30.024688+00:00,ticker_only
rHPE-2026-06-16-1,rHPE,RHPEUSDT,2026-06-16,1000,0.1425,0.09975,GROSS,48.804,48.49,OBSERVED p_pre,0.0005,DOCUMENTED promotional 0.05% through 2026-08-31,2.203508771929825,0.0,REALISED overnight_2000 PDR,,,,,NO_SIGNAL,SUPPRESSED: eligibility snapshot time unpublished,"sell: $1,000 exceeds visible top-of-book ($287) on ticker-only symbol",2026-09-16T23:27:40.187038+00:00,ticker_only,2026-09-17T04:27:30.024688+00:00,ticker_only
rHPE-2026-06-16-1,rHPE,RHPEUSDT,2026-06-16,5000,0.1425,0.09975,GROSS,48.804,48.49,OBSERVED p_pre,0.0005,DOCUMENTED promotional 0.05% through 2026-08-31,2.203508771929825,0.0,REALISED overnight_2000 PDR,,,,,NO_SIGNAL,SUPPRESSED: eligibility snapshot time unpublished,"sell: $5,000 exceeds visible top-of-book ($287) on ticker-only symbol; buy: $5,000 exceeds visible top-of-book ($1,724) on ticker-only symbol",2026-09-16T23:27:40.187038+00:00,ticker_only,2026-09-17T04:27:30.024688+00:00,ticker_only
rHPE-2026-06-16-1,rHPE,RHPEUSDT,2026-06-16,25000,0.1425,0.09975,GROSS,48.804,48.49,OBSERVED p_pre,0.0005,DOCUMENTED promotional 0.05% through 2026-08-31,2.203508771929825,0.0,REALISED overnight_2000 PDR,,,,,NO_SIGNAL,SUPPRESSED: eligibility snapshot time unpublished,"sell: $25,000 exceeds visible top-of-book ($287) on ticker-only symbol; buy: $25,000 exceeds visible top-of-book ($1,724) on ticker-only symbol",2026-09-16T23:27:40.187038+00:00,ticker_only,2026-09-17T04:27:30.024688+00:00,ticker_only
rLRCX-2026-06-17-1,rLRCX,RLRCXUSDT,2026-06-17,1000,0.26,0.182,GROSS,369.884,370.52,OBSERVED p_pre,0.0005,DOCUMENTED promotional 0.05% through 2026-08-31,-2.4461538461537202,0.0,REALISED overnight_2000 PDR,3.2767439382913133,-4.0947439382912805,-4.0947439382912805,-2.458743938291346,HOLD,SUPPRESSED: eligibility snapshot time unpublished,,2026-09-16T23:27:40.187038+00:00,public_book,2026-09-17T04:27:30.024688+00:00,public_book
rLRCX-2026-06-17-1,rLRCX,RLRCXUSDT,2026-06-17,5000,0.26,0.182,GROSS,369.884,370.52,OBSERVED p_pre,0.0005,DOCUMENTED promotional 0.05% through 2026-08-31,-2.4461538461537202,0.0,REALISED overnight_2000 PDR,4.078840801076273,-4.896840801076241,-4.896840801076241,-3.260840801076306,HOLD,SUPPRESSED: eligibility snapshot time unpublished,,2026-09-16T23:27:40.187038+00:00,public_book,2026-09-17T04:27:30.024688+00:00,public_book
rLRCX-2026-06-17-1,rLRCX,RLRCXUSDT,2026-06-17,25000,0.26,0.182,GROSS,369.884,370.52,OBSERVED p_pre,0.0005,DOCUMENTED promotional 0.05% through 2026-08-31,-2.4461538461537202,0.0,REALISED overnight_2000 PDR,5.746355409051434,-6.564355409051402,-6.564355409051402,-4.928355409051466,HOLD,SUPPRESSED: eligibility snapshot time unpublished,,2026-09-16T23:27:40.187038+00:00,public_book,2026-09-17T04:27:30.024688+00:00,public_book
rAVGO-2026-06-22-1,rAVGO,RAVGOUSDT,2026-06-22,1000,0.65,0.455,GROSS,411.256,411.251,OBSERVED p_pre,0.0005,DOCUMENTED promotional 0.05% through 2026-08-31,0.007692307692300696,0.0,REALISED overnight_2000 PDR,0.9234900702135883,-1.3734900702135928,-1.3734900702135928,-0.47349007021358375,HOLD,SUPPRESSED: eligibility snapshot time unpublished,,2026-09-16T23:27:40.187038+00:00,public_book,2026-09-17T04:27:30.024688+00:00,public_book
rAVGO-2026-06-22-1,rAVGO,RAVGOUSDT,2026-06-22,5000,0.65,0.455,GROSS,411.256,411.251,OBSERVED p_pre,0.0005,DOCUMENTED promotional 0.05% through 2026-08-31,0.007692307692300696,0.0,REALISED overnight_2000 PDR,2.0191230666017104,-2.469123066601715,-2.469123066601715,-1.5691230666017058,HOLD,SUPPRESSED: eligibility snapshot time unpublished,,2026-09-16T23:27:40.187038+00:00,public_book,2026-09-17T04:27:30.024688+00:00,public_book
rAVGO-2026-06-22-1,rAVGO,RAVGOUSDT,2026-06-22,25000,0.65,0.455,GROSS,411.256,411.251,OBSERVED p_pre,0.0005,DOCUMENTED promotional 0.05% through 2026-08-31,0.007692307692300696,0.0,REALISED overnight_2000 PDR,4.047988866850085,-4.49798886685009,-4.49798886685009,-3.5979888668500806,HOLD,SUPPRESSED: eligibility snapshot time unpublished,,2026-09-16T23:27:40.187038+00:00,public_book,2026-09-17T04:27:30.024688+00:00,public_book
rQQQ-2026-06-22-1,rQQQ,RQQQUSDT,2026-06-22,1000,0.81349,0.569443,GROSS,739.817,739.802,OBSERVED p_pre,0.0005,DOCUMENTED promotional 0.05% through 2026-08-31,0.0184390711625052,0.0,REALISED overnight_2000 PDR,1.3393577816081021,-1.8938007816081157,-1.8938007816081157,-0.7849147816080885,HOLD,SUPPRESSED: eligibility snapshot time unpublished,,2026-09-16T23:27:40.187038+00:00,public_book,2026-09-17T04:27:30.024688+00:00,public_book
rQQQ-2026-06-22-1,rQQQ,RQQQUSDT,2026-06-22,5000,0.81349,0.569443,GROSS,739.817,739.802,OBSERVED p_pre,0.0005,DOCUMENTED promotional 0.05% through 2026-08-31,0.0184390711625052,0.0,REALISED overnight_2000 PDR,1.3393577816081021,-1.8938007816081157,-1.8938007816081157,-0.7849147816080885,HOLD,SUPPRESSED: eligibility snapshot time unpublished,,2026-09-16T23:27:40.187038+00:00,public_book,2026-09-17T04:27:30.024688+00:00,public_book
rQQQ-2026-06-22-1,rQQQ,RQQQUSDT,2026-06-22,25000,0.81349,0.569443,GROSS,739.817,739.802,OBSERVED p_pre,0.0005,DOCUMENTED promotional 0.05% through 2026-08-31,0.0184390711625052,0.0,REALISED overnight_2000 PDR,1.4848243383732909,-2.0392673383733046,-2.0392673383733046,-0.9303813383732772,HOLD,SUPPRESSED: eligibility snapshot time unpublished,,2026-09-16T23:27:40.187038+00:00,public_book,2026-09-17T04:27:30.024688+00:00,public_book
rVST-2026-06-22-1,rVST,RVSTUSDT,2026-06-22,1000,0.229,0.1603,GROSS,163.6,163.6,OBSERVED p_pre,0.0005,DOCUMENTED promotional 0.05% through 2026-08-31,0.0,0.0,REALISED overnight_2000 PDR,0.26770541595266645,-0.42800541595266645,-0.42800541595266645,-0.10740541595266645,HOLD,SUPPRESSED: eligibility snapshot time unpublished,,2026-09-16T23:27:40.187038+00:00,ticker_only,2026-09-17T04:27:30.024688+00:00,ticker_only
rVST-2026-06-22-1,rVST,RVSTUSDT,2026-06-22,5000,0.229,0.1603,GROSS,163.6,163.6,OBSERVED p_pre,0.0005,DOCUMENTED promotional 0.05% through 2026-08-31,0.0,0.0,REALISED overnight_2000 PDR,,,,,NO_SIGNAL,SUPPRESSED: eligibility snapshot time unpublished,"sell: $5,000 exceeds visible top-of-book ($1,410) on ticker-only symbol",2026-09-16T23:27:40.187038+00:00,ticker_only,2026-09-17T04:27:30.024688+00:00,ticker_only
rVST-2026-06-22-1,rVST,RVSTUSDT,2026-06-22,25000,0.229,0.1603,GROSS,163.6,163.6,OBSERVED p_pre,0.0005,DOCUMENTED promotional 0.05% through 2026-08-31,0.0,0.0,REALISED overnight_2000 PDR,,,,,NO_SIGNAL,SUPPRESSED: eligibility snapshot time unpublished,"sell: $25,000 exceeds visible top-of-book ($1,410) on ticker-only symbol; buy: $25,000 exceeds visible top-of-book ($9,926) on ticker-only symbol",2026-09-16T23:27:40.187038+00:00,ticker_only,2026-09-17T04:27:30.024688+00:00,ticker_only
rAVL-2026-06-23-1,rAVL,RAVLUSDT,2026-06-23,1000,0.20039,0.140273,GROSS,48.23,48.21,OBSERVED p_pre,0.0005,DOCUMENTED promotional 0.05% through 2026-08-31,0.09980537950993572,0.0,REALISED overnight_2000 PDR,0.1398005926991373,-0.2600735926991413,-0.2600735926991413,-0.019527592699133317,HOLD,SUPPRESSED: eligibility snapshot time unpublished,,2026-09-16T23:27:40.187038+00:00,ticker_only,2026-09-17T04:27:30.024688+00:00,ticker_only
rAVL-2026-06-23-1,rAVL,RAVLUSDT,2026-06-23,5000,0.20039,0.140273,GROSS,48.23,48.21,OBSERVED p_pre,0.0005,DOCUMENTED promotional 0.05% through 2026-08-31,0.09980537950993572,0.0,REALISED overnight_2000 PDR,0.1398005926991373,-0.2600735926991413,-0.2600735926991413,-0.019527592699133317,HOLD,SUPPRESSED: eligibility snapshot time unpublished,,2026-09-16T23:27:40.187038+00:00,ticker_only,2026-09-17T04:27:30.024688+00:00,ticker_only
rAVL-2026-06-23-1,rAVL,RAVLUSDT,2026-06-23,25000,0.20039,0.140273,GROSS,48.23,48.21,OBSERVED p_pre,0.0005,DOCUMENTED promotional 0.05% through 2026-08-31,0.09980537950993572,0.0,REALISED overnight_2000 PDR,,,,,NO_SIGNAL,SUPPRESSED: eligibility snapshot time unpublished,"sell: $25,000 exceeds visible top-of-book ($7,172) on ticker-only symbol; buy: $25,000 exceeds visible top-of-book ($12,321) on ticker-only symbol",2026-09-16T23:27:40.187038+00:00,ticker_only,2026-09-17T04:27:30.024688+00:00,ticker_only
rLABD-2026-06-23-1,rLABD,RLABDUSDT,2026-06-23,1000,0.07523,0.052661,GROSS,10.015,9.8,OBSERVED p_pre,0.0005,DOCUMENTED promotional 0.05% through 2026-08-31,2.857902432540208,0.0,REALISED overnight_2000 PDR,0.06789760006387047,0.09444139993612938,0.09444139993612938,-0.2302366000638703,EXIT,SUPPRESSED: eligibility snapshot time unpublished,,2026-09-16T23:27:40.187038+00:00,ticker_only,2026-09-17T04:27:30.024688+00:00,ticker_only
rLABD-2026-06-23-1,rLABD,RLABDUSDT,2026-06-23,5000,0.07523,0.052661,GROSS,10.015,9.8,OBSERVED p_pre,0.0005,DOCUMENTED promotional 0.05% through 2026-08-31,2.857902432540208,0.0,REALISED overnight_2000 PDR,0.06789760006387047,0.09444139993612938,0.09444139993612938,-0.2302366000638703,EXIT,SUPPRESSED: eligibility snapshot time unpublished,,2026-09-16T23:27:40.187038+00:00,ticker_only,2026-09-17T04:27:30.024688+00:00,ticker_only
rLABD-2026-06-23-1,rLABD,RLABDUSDT,2026-06-23,25000,0.07523,0.052661,GROSS,10.015,9.8,OBSERVED p_pre,0.0005,DOCUMENTED promotional 0.05% through 2026-08-31,2.857902432540208,0.0,REALISED overnight_2000 PDR,,,,,NO_SIGNAL,SUPPRESSED: eligibility snapshot time unpublished,"sell: $25,000 exceeds visible top-of-book ($11,712) on ticker-only symbol",2026-09-16T23:27:40.187038+00:00,ticker_only,2026-09-17T04:27:30.024688+00:00,ticker_only
rSTM-2026-06-23-1,rSTM,RSTMUSDT,2026-06-23,1000,0.0765,0.05355,GROSS,79.565,79.25,OBSERVED p_pre,0.0005,DOCUMENTED promotional 0.05% through 2026-08-31,4.1176470588235,0.0,REALISED overnight_2000 PDR,,,,,NO_SIGNAL,SUPPRESSED: eligibility snapshot time unpublished,"sell: $1,000 exceeds visible top-of-book ($483) on ticker-only symbol",2026-09-16T23:27:40.187038+00:00,ticker_only,2026-09-17T04:27:30.024688+00:00,ticker_only
rSTM-2026-06-23-1,rSTM,RSTMUSDT,2026-06-23,5000,0.0765,0.05355,GROSS,79.565,79.25,OBSERVED p_pre,0.0005,DOCUMENTED promotional 0.05% through 2026-08-31,4.1176470588235,0.0,REALISED overnight_2000 PDR,,,,,NO_SIGNAL,SUPPRESSED: eligibility snapshot time unpublished,"sell: $5,000 exceeds visible top-of-book ($483) on ticker-only symbol; buy: $5,000 exceeds visible top-of-book ($2,432) on ticker-only symbol",2026-09-16T23:27:40.187038+00:00,ticker_only,2026-09-17T04:27:30.024688+00:00,ticker_only
rSTM-2026-06-23-1,rSTM,RSTMUSDT,2026-06-23,25000,0.0765,0.05355,GROSS,79.565,79.25,OBSERVED p_pre,0.0005,DOCUMENTED promotional 0.05% through 2026-08-31,4.1176470588235,0.0,REALISED overnight_2000 PDR,,,,,NO_SIGNAL,SUPPRESSED: eligibility snapshot time unpublished,"sell: $25,000 exceeds visible top-of-book ($483) on ticker-only symbol; buy: $25,000 exceeds visible top-of-book ($2,432) on ticker-only symbol",2026-09-16T23:27:40.187038+00:00,ticker_only,2026-09-17T04:27:30.024688+00:00,ticker_only
rYANG-2026-06-23-1,rYANG,RYANGUSDT,2026-06-23,1000,0.16314,0.114198,GROSS,34.66,34.6,OBSERVED p_pre,0.0005,DOCUMENTED promotional 0.05% through 2026-08-31,0.36778227289441684,0.0,REALISED overnight_2000 PDR,0.1258835570210633,-0.18008155702106812,-0.18008155702106812,-0.07168555702105847,HOLD,SUPPRESSED: eligibility snapshot time unpublished,,2026-09-16T23:27:40.187038+00:00,ticker_only,2026-09-17T04:27:30.024688+00:00,ticker_only
rYANG-2026-06-23-1,rYANG,RYANGUSDT,2026-06-23,5000,0.16314,0.114198,GROSS,34.66,34.6,OBSERVED p_pre,0.0005,DOCUMENTED promotional 0.05% through 2026-08-31,0.36778227289441684,0.0,REALISED overnight_2000 PDR,,,,,NO_SIGNAL,SUPPRESSED: eligibility snapshot time unpublished,"buy: $5,000 exceeds visible top-of-book ($1,610) on ticker-only symbol",2026-09-16T23:27:40.187038+00:00,ticker_only,2026-09-17T04:27:30.024688+00:00,ticker_only
rYANG-2026-06-23-1,rYANG,RYANGUSDT,2026-06-23,25000,0.16314,0.114198,GROSS,34.66,34.6,OBSERVED p_pre,0.0005,DOCUMENTED promotional 0.05% through 2026-08-31,0.36778227289441684,0.0,REALISED overnight_2000 PDR,,,,,NO_SIGNAL,SUPPRESSED: eligibility snapshot time unpublished,"buy: $25,000 exceeds visible top-of-book ($1,610) on ticker-only symbol",2026-09-16T23:27:40.187038+00:00,ticker_only,2026-09-17T04:27:30.024688+00:00,ticker_only
rYINN-2026-06-23-1,rYINN,RYINNUSDT,2026-06-23,1000,0.20943,0.146601,GROSS,25.856,25.842,OBSERVED p_pre,0.0005,DOCUMENTED promotional 0.05% through 2026-08-31,0.06684811154086281,0.0,REALISED overnight_2000 PDR,0.07618901438656785,-0.20879001438656497,-0.20879001438656497,0.056411985613429264,HOLD,SUPPRESSED: eligibility snapshot time unpublished,,2026-09-16T23:27:40.187038+00:00,ticker_only,2026-09-17T04:27:30.024688+00:00,ticker_only
rYINN-2026-06-23-1,rYINN,RYINNUSDT,2026-06-23,5000,0.20943,0.146601,GROSS,25.856,25.842,OBSERVED p_pre,0.0005,DOCUMENTED promotional 0.05% through 2026-08-31,0.06684811154086281,0.0,REALISED overnight_2000 PDR,,,,,NO_SIGNAL,SUPPRESSED: eligibility snapshot time unpublished,"sell: $5,000 exceeds visible top-of-book ($1,174) on ticker-only symbol; buy: $5,000 exceeds visible top-of-book ($2,582) on ticker-only symbol",2026-09-16T23:27:40.187038+00:00,ticker_only,2026-09-17T04:27:30.024688+00:00,ticker_only
rYINN-2026-06-23-1,rYINN,RYINNUSDT,2026-06-23,25000,0.20943,0.146601,GROSS,25.856,25.842,OBSERVED p_pre,0.0005,DOCUMENTED promotional 0.05% through 2026-08-31,0.06684811154086281,0.0,REALISED overnight_2000 PDR,,,,,NO_SIGNAL,SUPPRESSED: eligibility snapshot time unpublished,"sell: $25,000 exceeds visible top-of-book ($1,174) on ticker-only symbol; buy: $25,000 exceeds visible top-of-book ($2,582) on ticker-only symbol",2026-09-16T23:27:40.187038+00:00,ticker_only,2026-09-17T04:27:30.024688+00:00,ticker_only
rCRCA-2026-06-24-1,rCRCA,RCRCAUSDT,2026-06-24,1000,0.181138,0.1267966,GROSS,20.24,20.36,OBSERVED p_pre,0.0005,DOCUMENTED promotional 0.05% through 2026-08-31,-0.6624783314379147,0.0,REALISED overnight_2000 PDR,0.10753539058640253,-0.3543319905864035,-0.3543319905864035,0.13926120941359843,HOLD,SUPPRESSED: eligibility snapshot time unpublished,,2026-09-16T23:27:40.187038+00:00,ticker_only,2026-09-17T04:27:30.024688+00:00,ticker_only
rCRCA-2026-06-24-1,rCRCA,RCRCAUSDT,2026-06-24,5000,0.181138,0.1267966,GROSS,20.24,20.36,OBSERVED p_pre,0.0005,DOCUMENTED promotional 0.05% through 2026-08-31,-0.6624783314379147,0.0,REALISED overnight_2000 PDR,,,,,NO_SIGNAL,SUPPRESSED: eligibility snapshot time unpublished,"sell: $5,000 exceeds visible top-of-book ($3,456) on ticker-only symbol",2026-09-16T23:27:40.187038+00:00,ticker_only,2026-09-17T04:27:30.024688+00:00,ticker_only
rCRCA-2026-06-24-1,rCRCA,RCRCAUSDT,2026-06-24,25000,0.181138,0.1267966,GROSS,20.24,20.36,OBSERVED p_pre,0.0005,DOCUMENTED promotional 0.05% through 2026-08-31,-0.6624783314379147,0.0,REALISED overnight_2000 PDR,,,,,NO_SIGNAL,SUPPRESSED: eligibility snapshot time unpublished,"sell: $25,000 exceeds visible top-of-book ($3,456) on ticker-only symbol; buy: $25,000 exceeds visible top-of-book ($12,439) on ticker-only symbol",2026-09-16T23:27:40.187038+00:00,ticker_only,2026-09-17T04:27:30.024688+00:00,ticker_only
rGFS-2026-06-24-1,rGFS,RGFSUSDT,2026-06-24,1000,0.12,0.084,GROSS,82.727,83.51,OBSERVED p_pre,0.0005,DOCUMENTED promotional 0.05% through 2026-08-31,-6.525000000000011,0.0,REALISED overnight_2000 PDR,,,,,NO_SIGNAL,SUPPRESSED: eligibility snapshot time unpublished,"buy: $1,000 exceeds visible top-of-book ($44) on ticker-only symbol",2026-09-16T23:27:40.187038+00:00,ticker_only,2026-09-17T04:27:30.024688+00:00,ticker_only
rGFS-2026-06-24-1,rGFS,RGFSUSDT,2026-06-24,5000,0.12,0.084,GROSS,82.727,83.51,OBSERVED p_pre,0.0005,DOCUMENTED promotional 0.05% through 2026-08-31,-6.525000000000011,0.0,REALISED overnight_2000 PDR,,,,,NO_SIGNAL,SUPPRESSED: eligibility snapshot time unpublished,"buy: $5,000 exceeds visible top-of-book ($44) on ticker-only symbol",2026-09-16T23:27:40.187038+00:00,ticker_only,2026-09-17T04:27:30.024688+00:00,ticker_only
rGFS-2026-06-24-1,rGFS,RGFSUSDT,2026-06-24,25000,0.12,0.084,GROSS,82.727,83.51,OBSERVED p_pre,0.0005,DOCUMENTED promotional 0.05% through 2026-08-31,-6.525000000000011,0.0,REALISED overnight_2000 PDR,,,,,NO_SIGNAL,SUPPRESSED: eligibility snapshot time unpublished,"buy: $25,000 exceeds visible top-of-book ($44) on ticker-only symbol",2026-09-16T23:27:40.187038+00:00,ticker_only,2026-09-17T04:27:30.024688+00:00,ticker_only
rPSQ-2026-06-24-1,rPSQ,RPSQUSDT,2026-06-24,1000,0.228579,0.1600053,GROSS,25.97,25.81,OBSERVED p_pre,0.0005,DOCUMENTED promotional 0.05% through 2026-08-31,0.699976813268061,0.0,REALISED overnight_2000 PDR,0.06057366327969413,-0.060578963279693976,-0.060578963279693976,-0.06056836327969428,HOLD,SUPPRESSED: eligibility snapshot time unpublished,,2026-09-16T23:27:40.187038+00:00,ticker_only,2026-09-17T04:27:30.024688+00:00,ticker_only
rPSQ-2026-06-24-1,rPSQ,RPSQUSDT,2026-06-24,5000,0.228579,0.1600053,GROSS,25.97,25.81,OBSERVED p_pre,0.0005,DOCUMENTED promotional 0.05% through 2026-08-31,0.699976813268061,0.0,REALISED overnight_2000 PDR,0.06057366327969413,-0.060578963279693976,-0.060578963279693976,-0.06056836327969428,HOLD,SUPPRESSED: eligibility snapshot time unpublished,,2026-09-16T23:27:40.187038+00:00,ticker_only,2026-09-17T04:27:30.024688+00:00,ticker_only
rPSQ-2026-06-24-1,rPSQ,RPSQUSDT,2026-06-24,25000,0.228579,0.1600053,GROSS,25.97,25.81,OBSERVED p_pre,0.0005,DOCUMENTED promotional 0.05% through 2026-08-31,0.699976813268061,0.0,REALISED overnight_2000 PDR,0.06057366327969413,-0.060578963279693976,-0.060578963279693976,-0.06056836327969428,HOLD,SUPPRESSED: eligibility snapshot time unpublished,,2026-09-16T23:27:40.187038+00:00,ticker_only,2026-09-17T04:27:30.024688+00:00,ticker_only
rSCHD-2026-06-24-1,rSCHD,RSCHDUSDT,2026-06-24,1000,0.2525,0.17675,GROSS,32.04,31.84,OBSERVED p_pre,0.0005,DOCUMENTED promotional 0.05% through 2026-08-31,0.7920792079207892,0.0,REALISED overnight_2000 PDR,0.04608687682586867,-0.022836876825869372,-0.022836876825869372,-0.06933687682586798,HOLD,SUPPRESSED: eligibility snapshot time unpublished,,2026-09-16T23:27:40.187038+00:00,ticker_only,2026-09-17T04:27:30.024688+00:00,ticker_only
rSCHD-2026-06-24-1,rSCHD,RSCHDUSDT,2026-06-24,5000,0.2525,0.17675,GROSS,32.04,31.84,OBSERVED p_pre,0.0005,DOCUMENTED promotional 0.05% through 2026-08-31,0.7920792079207892,0.0,REALISED overnight_2000 PDR,,,,,NO_SIGNAL,SUPPRESSED: eligibility snapshot time unpublished,"sell: $5,000 exceeds visible top-of-book ($3,521) on ticker-only symbol",2026-09-16T23:27:40.187038+00:00,ticker_only,2026-09-17T04:27:30.024688+00:00,ticker_only
rSCHD-2026-06-24-1,rSCHD,RSCHDUSDT,2026-06-24,25000,0.2525,0.17675,GROSS,32.04,31.84,OBSERVED p_pre,0.0005,DOCUMENTED promotional 0.05% through 2026-08-31,0.7920792079207892,0.0,REALISED overnight_2000 PDR,,,,,NO_SIGNAL,SUPPRESSED: eligibility snapshot time unpublished,"sell: $25,000 exceeds visible top-of-book ($3,521) on ticker-only symbol",2026-09-16T23:27:40.187038+00:00,ticker_only,2026-09-17T04:27:30.024688+00:00,ticker_only
rSPXU-2026-06-24-1,rSPXU,RSPXUUSDT,2026-06-24,1000,0.391445,0.2740115,GROSS,39.2,38.78,OBSERVED p_pre,0.0005,DOCUMENTED promotional 0.05% through 2026-08-31,1.0729476682548038,0.0,REALISED overnight_2000 PDR,0.05518484688406558,0.09080365311593605,0.09080365311593605,-0.2011733468840672,EXIT,SUPPRESSED: eligibility snapshot time unpublished,,2026-09-16T23:27:40.187038+00:00,ticker_only,2026-09-17T04:27:30.024688+00:00,ticker_only
rSPXU-2026-06-24-1,rSPXU,RSPXUUSDT,2026-06-24,5000,0.391445,0.2740115,GROSS,39.2,38.78,OBSERVED p_pre,0.0005,DOCUMENTED promotional 0.05% through 2026-08-31,1.0729476682548038,0.0,REALISED overnight_2000 PDR,0.05518484688406558,0.09080365311593605,0.09080365311593605,-0.2011733468840672,EXIT,SUPPRESSED: eligibility snapshot time unpublished,,2026-09-16T23:27:40.187038+00:00,ticker_only,2026-09-17T04:27:30.024688+00:00,ticker_only
rSPXU-2026-06-24-1,rSPXU,RSPXUUSDT,2026-06-24,25000,0.391445,0.2740115,GROSS,39.2,38.78,OBSERVED p_pre,0.0005,DOCUMENTED promotional 0.05% through 2026-08-31,1.0729476682548038,0.0,REALISED overnight_2000 PDR,0.05518484688406558,0.09080365311593605,0.09080365311593605,-0.2011733468840672,EXIT,SUPPRESSED: eligibility snapshot time unpublished,,2026-09-16T23:27:40.187038+00:00,ticker_only,2026-09-17T04:27:30.024688+00:00,ticker_only
rSQQQ-2026-06-24-1,rSQQQ,RSQQQUSDT,2026-06-24,1000,0.637637,0.4463459,GROSS,40.177,39.66,OBSERVED p_pre,0.0005,DOCUMENTED promotional 0.05% through 2026-08-31,0.8108061483257762,0.0,REALISED overnight_2000 PDR,0.10823331120835537,-0.03757921120835238,-0.03757921120835238,-0.17888741120835838,HOLD,SUPPRESSED: eligibility snapshot time unpublished,,2026-09-16T23:27:40.187038+00:00,public_book,2026-09-17T04:27:30.024688+00:00,public_book
rSQQQ-2026-06-24-1,rSQQQ,RSQQQUSDT,2026-06-24,5000,0.637637,0.4463459,GROSS,40.177,39.66,OBSERVED p_pre,0.0005,DOCUMENTED promotional 0.05% through 2026-08-31,0.8108061483257762,0.0,REALISED overnight_2000 PDR,0.19193202004782417,-0.12127792004782117,-0.12127792004782117,-0.26258612004782717,HOLD,SUPPRESSED: eligibility snapshot time unpublished,,2026-09-16T23:27:40.187038+00:00,public_book,2026-09-17T04:27:30.024688+00:00,public_book
rSQQQ-2026-06-24-1,rSQQQ,RSQQQUSDT,2026-06-24,25000,0.637637,0.4463459,GROSS,40.177,39.66,OBSERVED p_pre,0.0005,DOCUMENTED promotional 0.05% through 2026-08-31,0.8108061483257762,0.0,REALISED overnight_2000 PDR,0.37808941475469854,-0.30743531475469554,-0.30743531475469554,-0.44874351475470153,HOLD,SUPPRESSED: eligibility snapshot time unpublished,,2026-09-16T23:27:40.187038+00:00,public_book,2026-09-17T04:27:30.024688+00:00,public_book
rSTX-2026-06-24-1,rSTX,RSTXUSDT,2026-06-24,1000,0.74,0.518,GROSS,1041.504,1038.3,OBSERVED p_pre,0.0005,DOCUMENTED promotional 0.05% through 2026-08-31,4.329729729729664,0.0,REALISED overnight_2000 PDR,5.463489963502784,-2.777489963502833,-2.777489963502833,-8.149489963502734,HOLD,SUPPRESSED: eligibility snapshot time unpublished,,2026-09-16T23:27:40.187038+00:00,public_book,2026-09-17T04:27:30.024688+00:00,public_book
rSTX-2026-06-24-1,rSTX,RSTXUSDT,2026-06-24,5000,0.74,0.518,GROSS,1041.504,1038.3,OBSERVED p_pre,0.0005,DOCUMENTED promotional 0.05% through 2026-08-31,4.329729729729664,0.0,REALISED overnight_2000 PDR,5.530676642869796,-2.844676642869845,-2.844676642869845,-8.216676642869746,HOLD,SUPPRESSED: eligibility snapshot time unpublished,,2026-09-16T23:27:40.187038+00:00,public_book,2026-09-17T04:27:30.024688+00:00,public_book
rSTX-2026-06-24-1,rSTX,RSTXUSDT,2026-06-24,25000,0.74,0.518,GROSS,1041.504,1038.3,OBSERVED p_pre,0.0005,DOCUMENTED promotional 0.05% through 2026-08-31,4.329729729729664,0.0,REALISED overnight_2000 PDR,6.977772730464939,-4.291772730464988,-4.291772730464988,-9.66377273046489,HOLD,SUPPRESSED: eligibility snapshot time unpublished,,2026-09-16T23:27:40.187038+00:00,public_book,2026-09-17T04:27:30.024688+00:00,public_book
rTQQQ-2026-06-24-1,rTQQQ,RTQQQUSDT,2026-06-24,1000,0.171229,0.1198603,GROSS,75.149,75.28,OBSERVED p_pre,0.0005,DOCUMENTED promotional 0.05% through 2026-08-31,-0.7650573208977465,0.0,REALISED overnight_2000 PDR,0.18389923500862504,-0.4347595350086253,-0.4347595350086253,0.06696106499137522,HOLD,SUPPRESSED: eligibility snapshot time unpublished,,2026-09-16T23:27:40.187038+00:00,public_book,2026-09-17T04:27:30.024688+00:00,public_book
rTQQQ-2026-06-24-1,rTQQQ,RTQQQUSDT,2026-06-24,5000,0.171229,0.1198603,GROSS,75.149,75.28,OBSERVED p_pre,0.0005,DOCUMENTED promotional 0.05% through 2026-08-31,-0.7650573208977465,0.0,REALISED overnight_2000 PDR,0.42506811143863515,-0.6759284114386355,-0.6759284114386355,-0.1742078114386349,HOLD,SUPPRESSED: eligibility snapshot time unpublished,,2026-09-16T23:27:40.187038+00:00,public_book,2026-09-17T04:27:30.024688+00:00,public_book
rTQQQ-2026-06-24-1,rTQQQ,RTQQQUSDT,2026-06-24,25000,0.171229,0.1198603,GROSS,75.149,75.28,OBSERVED p_pre,0.0005,DOCUMENTED promotional 0.05% through 2026-08-31,-0.7650573208977465,0.0,REALISED overnight_2000 PDR,0.7970075950787856,-1.0478678950787859,-1.0478678950787859,-0.5461472950787853,HOLD,SUPPRESSED: eligibility snapshot time unpublished,,2026-09-16T23:27:40.187038+00:00,public_book,2026-09-17T04:27:30.024688+00:00,public_book
rUPRO-2026-06-24-1,rUPRO,RUPROUSDT,2026-06-24,1000,0.299,0.2093,GROSS,136.007,136.15,OBSERVED p_pre,0.0005,DOCUMENTED promotional 0.05% through 2026-08-31,-0.4782608695652197,0.0,REALISED overnight_2000 PDR,0.17858495364862714,-0.5308849536486279,-0.5308849536486279,0.17371504635137358,HOLD,SUPPRESSED: eligibility snapshot time unpublished,,2026-09-16T23:27:40.187038+00:00,ticker_only,2026-09-17T04:27:30.024688+00:00,ticker_only
rUPRO-2026-06-24-1,rUPRO,RUPROUSDT,2026-06-24,5000,0.299,0.2093,GROSS,136.007,136.15,OBSERVED p_pre,0.0005,DOCUMENTED promotional 0.05% through 2026-08-31,-0.4782608695652197,0.0,REALISED overnight_2000 PDR,0.17858495364862714,-0.5308849536486279,-0.5308849536486279,0.17371504635137358,HOLD,SUPPRESSED: eligibility snapshot time unpublished,,2026-09-16T23:27:40.187038+00:00,ticker_only,2026-09-17T04:27:30.024688+00:00,ticker_only
rUPRO-2026-06-24-1,rUPRO,RUPROUSDT,2026-06-24,25000,0.299,0.2093,GROSS,136.007,136.15,OBSERVED p_pre,0.0005,DOCUMENTED promotional 0.05% through 2026-08-31,-0.4782608695652197,0.0,REALISED overnight_2000 PDR,0.17858495364862714,-0.5308849536486279,-0.5308849536486279,0.17371504635137358,HOLD,SUPPRESSED: eligibility snapshot time unpublished,,2026-09-16T23:27:40.187038+00:00,ticker_only,2026-09-17T04:27:30.024688+00:00,ticker_only
rDGRW-2026-06-25-1,rDGRW,RDGRWUSDT,2026-06-25,1000,0.16,0.112,GROSS,94.859,94.67,OBSERVED p_pre,0.0005,DOCUMENTED promotional 0.05% through 2026-08-31,1.181249999999956,0.0,REALISED overnight_2000 PDR,1.030081040014442,-0.953081040014449,-0.953081040014449,-1.1070810400144349,HOLD,SUPPRESSED: eligibility snapshot time unpublished,,2026-09-16T23:27:40.187038+00:00,ticker_only,2026-09-17T04:27:30.024688+00:00,ticker_only
rDGRW-2026-06-25-1,rDGRW,RDGRWUSDT,2026-06-25,5000,0.16,0.112,GROSS,94.859,94.67,OBSERVED p_pre,0.0005,DOCUMENTED promotional 0.05% through 2026-08-31,1.181249999999956,0.0,REALISED overnight_2000 PDR,1.030081040014442,-0.953081040014449,-0.953081040014449,-1.1070810400144349,HOLD,SUPPRESSED: eligibility snapshot time unpublished,,2026-09-16T23:27:40.187038+00:00,ticker_only,2026-09-17T04:27:30.024688+00:00,ticker_only
rDGRW-2026-06-25-1,rDGRW,RDGRWUSDT,2026-06-25,25000,0.16,0.112,GROSS,94.859,94.67,OBSERVED p_pre,0.0005,DOCUMENTED promotional 0.05% through 2026-08-31,1.181249999999956,0.0,REALISED overnight_2000 PDR,1.030081040014442,-0.953081040014449,-0.953081040014449,-1.1070810400144349,HOLD,SUPPRESSED: eligibility snapshot time unpublished,,2026-09-16T23:27:40.187038+00:00,ticker_only,2026-09-17T04:27:30.024688+00:00,ticker_only
rFTGC-2026-06-25-1,rFTGC,RFTGCUSDT,2026-06-25,1000,0.1691,0.11837,GROSS,26.966,26.965,OBSERVED p_pre,0.0005,DOCUMENTED promotional 0.05% through 2026-08-31,0.005913660555891319,0.0,REALISED overnight_2000 PDR,,,,,NO_SIGNAL,SUPPRESSED: eligibility snapshot time unpublished,"sell: $1,000 exceeds visible top-of-book ($125) on ticker-only symbol",2026-09-16T23:27:40.187038+00:00,ticker_only,2026-09-17T04:27:30.024688+00:00,ticker_only
rFTGC-2026-06-25-1,rFTGC,RFTGCUSDT,2026-06-25,5000,0.1691,0.11837,GROSS,26.966,26.965,OBSERVED p_pre,0.0005,DOCUMENTED promotional 0.05% through 2026-08-31,0.005913660555891319,0.0,REALISED overnight_2000 PDR,,,,,NO_SIGNAL,SUPPRESSED: eligibility snapshot time unpublished,"sell: $5,000 exceeds visible top-of-book ($125) on ticker-only symbol; buy: $5,000 exceeds visible top-of-book ($1,098) on ticker-only symbol",2026-09-16T23:27:40.187038+00:00,ticker_only,2026-09-17T04:27:30.024688+00:00,ticker_only
rFTGC-2026-06-25-1,rFTGC,RFTGCUSDT,2026-06-25,25000,0.1691,0.11837,GROSS,26.966,26.965,OBSERVED p_pre,0.0005,DOCUMENTED promotional 0.05% through 2026-08-31,0.005913660555891319,0.0,REALISED overnight_2000 PDR,,,,,NO_SIGNAL,SUPPRESSED: eligibility snapshot time unpublished,"sell: $25,000 exceeds visible top-of-book ($125) on ticker-only symbol; buy: $25,000 exceeds visible top-of-book ($1,098) on ticker-only symbol",2026-09-16T23:27:40.187038+00:00,ticker_only,2026-09-17T04:27:30.024688+00:00,ticker_only
rPM-2026-06-25-1,rPM,RPMUSDT,2026-06-25,1000,1.47,1.029,GROSS,178.004,176.49,OBSERVED p_pre,0.0005,DOCUMENTED promotional 0.05% through 2026-08-31,1.0299319727891032,0.0,REALISED overnight_2000 PDR,2.713543786441872,-2.2285437864418904,-2.2285437864418904,-3.1985437864418538,HOLD,SUPPRESSED: eligibility snapshot time unpublished,,2026-09-16T23:27:40.187038+00:00,ticker_only,2026-09-17T04:27:30.024688+00:00,ticker_only
rPM-2026-06-25-1,rPM,RPMUSDT,2026-06-25,5000,1.47,1.029,GROSS,178.004,176.49,OBSERVED p_pre,0.0005,DOCUMENTED promotional 0.05% through 2026-08-31,1.0299319727891032,0.0,REALISED overnight_2000 PDR,,,,,NO_SIGNAL,SUPPRESSED: eligibility snapshot time unpublished,"buy: $5,000 exceeds visible top-of-book ($3,915) on ticker-only symbol",2026-09-16T23:27:40.187038+00:00,ticker_only,2026-09-17T04:27:30.024688+00:00,ticker_only
rPM-2026-06-25-1,rPM,RPMUSDT,2026-06-25,25000,1.47,1.029,GROSS,178.004,176.49,OBSERVED p_pre,0.0005,DOCUMENTED promotional 0.05% through 2026-08-31,1.0299319727891032,0.0,REALISED overnight_2000 PDR,,,,,NO_SIGNAL,SUPPRESSED: eligibility snapshot time unpublished,"sell: $25,000 exceeds visible top-of-book ($19,110) on ticker-only symbol; buy: $25,000 exceeds visible top-of-book ($3,915) on ticker-only symbol",2026-09-16T23:27:40.187038+00:00,ticker_only,2026-09-17T04:27:30.024688+00:00,ticker_only
rFLQL-2026-06-26-1,rFLQL,RFLQLUSDT,2026-06-26,1000,0.2235,0.15645,GROSS,76.911,76.91,OBSERVED p_pre,0.0005,DOCUMENTED promotional 0.05% through 2026-08-31,0.0044742729306701335,0.0,REALISED overnight_2000 PDR,10.801792923494114,-10.957242923494109,-10.957242923494109,-10.64634292349412,HOLD,SUPPRESSED: eligibility snapshot time unpublished,,2026-09-16T23:27:40.187038+00:00,ticker_only,2026-09-17T04:27:30.024688+00:00,ticker_only
rFLQL-2026-06-26-1,rFLQL,RFLQLUSDT,2026-06-26,5000,0.2235,0.15645,GROSS,76.911,76.91,OBSERVED p_pre,0.0005,DOCUMENTED promotional 0.05% through 2026-08-31,0.0044742729306701335,0.0,REALISED overnight_2000 PDR,10.801792923494114,-10.957242923494109,-10.957242923494109,-10.64634292349412,HOLD,SUPPRESSED: eligibility snapshot time unpublished,,2026-09-16T23:27:40.187038+00:00,ticker_only,2026-09-17T04:27:30.024688+00:00,ticker_only
rFLQL-2026-06-26-1,rFLQL,RFLQLUSDT,2026-06-26,25000,0.2235,0.15645,GROSS,76.911,76.91,OBSERVED p_pre,0.0005,DOCUMENTED promotional 0.05% through 2026-08-31,0.0044742729306701335,0.0,REALISED overnight_2000 PDR,,,,,NO_SIGNAL,SUPPRESSED: eligibility snapshot time unpublished,"sell: $25,000 exceeds visible top-of-book ($6,654) on ticker-only symbol",2026-09-16T23:27:40.187038+00:00,ticker_only,2026-09-17T04:27:30.024688+00:00,ticker_only
rVOO-2026-06-26-1,rVOO,RVOOUSDT,2026-06-26,1000,1.9622,1.37354,GROSS,675.493,674.41,OBSERVED p_pre,0.0005,DOCUMENTED promotional 0.05% through 2026-08-31,0.5519315054531055,0.0,REALISED overnight_2000 PDR,1.139693661726918,-1.4302336617268343,-1.4302336617268343,-0.8491536617270017,HOLD,SUPPRESSED: eligibility snapshot time unpublished,,2026-09-16T23:27:40.187038+00:00,public_book,2026-09-17T04:27:30.024688+00:00,public_book
rVOO-2026-06-26-1,rVOO,RVOOUSDT,2026-06-26,5000,1.9622,1.37354,GROSS,675.493,674.41,OBSERVED p_pre,0.0005,DOCUMENTED promotional 0.05% through 2026-08-31,0.5519315054531055,0.0,REALISED overnight_2000 PDR,2.0747290948767345,-2.365269094876651,-2.365269094876651,-1.7841890948768182,HOLD,SUPPRESSED: eligibility snapshot time unpublished,,2026-09-16T23:27:40.187038+00:00,public_book,2026-09-17T04:27:30.024688+00:00,public_book
rVOO-2026-06-26-1,rVOO,RVOOUSDT,2026-06-26,25000,1.9622,1.37354,GROSS,675.493,674.41,OBSERVED p_pre,0.0005,DOCUMENTED promotional 0.05% through 2026-08-31,0.5519315054531055,0.0,REALISED overnight_2000 PDR,4.096703461873755,-4.3872434618736715,-4.3872434618736715,-3.8061634618738385,HOLD,SUPPRESSED: eligibility snapshot time unpublished,,2026-09-16T23:27:40.187038+00:00,public_book,2026-09-17T04:27:30.024688+00:00,public_book
rVTV-2026-06-26-1,rVTV,RVTVUSDT,2026-06-26,1000,1.0818,0.75726,GROSS,220.985,220.48,OBSERVED p_pre,0.0005,DOCUMENTED promotional 0.05% through 2026-08-31,0.4668145683120945,0.0,REALISED overnight_2000 PDR,1.9754309447704381,-2.2276909447704143,-2.2276909447704143,-1.723170944770462,HOLD,SUPPRESSED: eligibility snapshot time unpublished,,2026-09-16T23:27:40.187038+00:00,ticker_only,2026-09-17T04:27:30.024688+00:00,ticker_only
rVTV-2026-06-26-1,rVTV,RVTVUSDT,2026-06-26,5000,1.0818,0.75726,GROSS,220.985,220.48,OBSERVED p_pre,0.0005,DOCUMENTED promotional 0.05% through 2026-08-31,0.4668145683120945,0.0,REALISED overnight_2000 PDR,,,,,NO_SIGNAL,SUPPRESSED: eligibility snapshot time unpublished,"sell: $5,000 exceeds visible top-of-book ($2,207) on ticker-only symbol",2026-09-16T23:27:40.187038+00:00,ticker_only,2026-09-17T04:27:30.024688+00:00,ticker_only
rVTV-2026-06-26-1,rVTV,RVTVUSDT,2026-06-26,25000,1.0818,0.75726,GROSS,220.985,220.48,OBSERVED p_pre,0.0005,DOCUMENTED promotional 0.05% through 2026-08-31,0.4668145683120945,0.0,REALISED overnight_2000 PDR,,,,,NO_SIGNAL,SUPPRESSED: eligibility snapshot time unpublished,"sell: $25,000 exceeds visible top-of-book ($2,207) on ticker-only symbol; buy: $25,000 exceeds visible top-of-book ($16,092) on ticker-only symbol",2026-09-16T23:27:40.187038+00:00,ticker_only,2026-09-17T04:27:30.024688+00:00,ticker_only
rBOTZ-2026-06-29-1,rBOTZ,RBOTZUSDT,2026-06-29,1000,0.017986,0.0125902,GROSS,36.49,36.49,OBSERVED p_pre,0.0005,DOCUMENTED promotional 0.05% through 2026-08-31,0.0,0.0,REALISED overnight_2000 PDR,,,,,NO_SIGNAL,SUPPRESSED: eligibility snapshot time unpublished,"sell: $1,000 exceeds visible top-of-book ($348) on ticker-only symbol; buy: $1,000 exceeds visible top-of-book ($140) on ticker-only symbol",2026-09-16T23:27:40.187038+00:00,ticker_only,2026-09-17T04:27:30.024688+00:00,ticker_only
rBOTZ-2026-06-29-1,rBOTZ,RBOTZUSDT,2026-06-29,5000,0.017986,0.0125902,GROSS,36.49,36.49,OBSERVED p_pre,0.0005,DOCUMENTED promotional 0.05% through 2026-08-31,0.0,0.0,REALISED overnight_2000 PDR,,,,,NO_SIGNAL,SUPPRESSED: eligibility snapshot time unpublished,"sell: $5,000 exceeds visible top-of-book ($348) on ticker-only symbol; buy: $5,000 exceeds visible top-of-book ($140) on ticker-only symbol",2026-09-16T23:27:40.187038+00:00,ticker_only,2026-09-17T04:27:30.024688+00:00,ticker_only
rBOTZ-2026-06-29-1,rBOTZ,RBOTZUSDT,2026-06-29,25000,0.017986,0.0125902,GROSS,36.49,36.49,OBSERVED p_pre,0.0005,DOCUMENTED promotional 0.05% through 2026-08-31,0.0,0.0,REALISED overnight_2000 PDR,,,,,NO_SIGNAL,SUPPRESSED: eligibility snapshot time unpublished,"sell: $25,000 exceeds visible top-of-book ($348) on ticker-only symbol; buy: $25,000 exceeds visible top-of-book ($140) on ticker-only symbol",2026-09-16T23:27:40.187038+00:00,ticker_only,2026-09-17T04:27:30.024688+00:00,ticker_only
rCOPX-2026-06-29-1,rCOPX,RCOPXUSDT,2026-06-29,1000,0.257976,0.1805832,GROSS,76.525,76.29,OBSERVED p_pre,0.0005,DOCUMENTED promotional 0.05% through 2026-08-31,0.9109374515458781,0.0,REALISED overnight_2000 PDR,,,,,NO_SIGNAL,SUPPRESSED: eligibility snapshot time unpublished,"sell: $1,000 exceeds visible top-of-book ($844) on ticker-only symbol; buy: $1,000 exceeds visible top-of-book ($256) on ticker-only symbol",2026-09-16T23:27:40.187038+00:00,ticker_only,2026-09-17T04:27:30.024688+00:00,ticker_only
rCOPX-2026-06-29-1,rCOPX,RCOPXUSDT,2026-06-29,5000,0.257976,0.1805832,GROSS,76.525,76.29,OBSERVED p_pre,0.0005,DOCUMENTED promotional 0.05% through 2026-08-31,0.9109374515458781,0.0,REALISED overnight_2000 PDR,,,,,NO_SIGNAL,SUPPRESSED: eligibility snapshot time unpublished,"sell: $5,000 exceeds visible top-of-book ($844) on ticker-only symbol; buy: $5,000 exceeds visible top-of-book ($256) on ticker-only symbol",2026-09-16T23:27:40.187038+00:00,ticker_only,2026-09-17T04:27:30.024688+00:00,ticker_only
rCOPX-2026-06-29-1,rCOPX,RCOPXUSDT,2026-06-29,25000,0.257976,0.1805832,GROSS,76.525,76.29,OBSERVED p_pre,0.0005,DOCUMENTED promotional 0.05% through 2026-08-31,0.9109374515458781,0.0,REALISED overnight_2000 PDR,,,,,NO_SIGNAL,SUPPRESSED: eligibility snapshot time unpublished,"sell: $25,000 exceeds visible top-of-book ($844) on ticker-only symbol; buy: $25,000 exceeds visible top-of-book ($256) on ticker-only symbol",2026-09-16T23:27:40.187038+00:00,ticker_only,2026-09-17T04:27:30.024688+00:00,ticker_only
rLIT-2026-06-29-1,rLIT,RLITUSDT,2026-06-29,1000,0.324862,0.2274034,GROSS,76.85,75.92,OBSERVED p_pre,0.0005,DOCUMENTED promotional 0.05% through 2026-08-31,2.8627540309423467,0.0,REALISED overnight_2000 PDR,,,,,NO_SIGNAL,SUPPRESSED: eligibility snapshot time unpublished,"sell: $1,000 exceeds visible top-of-book ($680) on ticker-only symbol",2026-09-16T23:27:40.187038+00:00,ticker_only,2026-09-17T04:27:30.024688+00:00,ticker_only
rLIT-2026-06-29-1,rLIT,RLITUSDT,2026-06-29,5000,0.324862,0.2274034,GROSS,76.85,75.92,OBSERVED p_pre,0.0005,DOCUMENTED promotional 0.05% through 2026-08-31,2.8627540309423467,0.0,REALISED overnight_2000 PDR,,,,,NO_SIGNAL,SUPPRESSED: eligibility snapshot time unpublished,"sell: $5,000 exceeds visible top-of-book ($680) on ticker-only symbol",2026-09-16T23:27:40.187038+00:00,ticker_only,2026-09-17T04:27:30.024688+00:00,ticker_only
rLIT-2026-06-29-1,rLIT,RLITUSDT,2026-06-29,25000,0.324862,0.2274034,GROSS,76.85,75.92,OBSERVED p_pre,0.0005,DOCUMENTED promotional 0.05% through 2026-08-31,2.8627540309423467,0.0,REALISED overnight_2000 PDR,,,,,NO_SIGNAL,SUPPRESSED: eligibility snapshot time unpublished,"sell: $25,000 exceeds visible top-of-book ($680) on ticker-only symbol; buy: $25,000 exceeds visible top-of-book ($8,425) on ticker-only symbol",2026-09-16T23:27:40.187038+00:00,ticker_only,2026-09-17T04:27:30.024688+00:00,ticker_only
rPAVE-2026-06-29-1,rPAVE,RPAVEUSDT,2026-06-29,1000,0.1027,0.07189,GROSS,58.76,58.85,OBSERVED p_pre,0.0005,DOCUMENTED promotional 0.05% through 2026-08-31,-0.8763388510224286,0.0,REALISED overnight_2000 PDR,,,,,NO_SIGNAL,SUPPRESSED: eligibility snapshot time unpublished,"sell: $1,000 exceeds visible top-of-book ($527) on ticker-only symbol; buy: $1,000 exceeds visible top-of-book ($212) on ticker-only symbol",2026-09-16T23:27:40.187038+00:00,ticker_only,2026-09-17T04:27:30.024688+00:00,ticker_only
rPAVE-2026-06-29-1,rPAVE,RPAVEUSDT,2026-06-29,5000,0.1027,0.07189,GROSS,58.76,58.85,OBSERVED p_pre,0.0005,DOCUMENTED promotional 0.05% through 2026-08-31,-0.8763388510224286,0.0,REALISED overnight_2000 PDR,,,,,NO_SIGNAL,SUPPRESSED: eligibility snapshot time unpublished,"sell: $5,000 exceeds visible top-of-book ($527) on ticker-only symbol; buy: $5,000 exceeds visible top-of-book ($212) on ticker-only symbol",2026-09-16T23:27:40.187038+00:00,ticker_only,2026-09-17T04:27:30.024688+00:00,ticker_only
rPAVE-2026-06-29-1,rPAVE,RPAVEUSDT,2026-06-29,25000,0.1027,0.07189,GROSS,58.76,58.85,OBSERVED p_pre,0.0005,DOCUMENTED promotional 0.05% through 2026-08-31,-0.8763388510224286,0.0,REALISED overnight_2000 PDR,,,,,NO_SIGNAL,SUPPRESSED: eligibility snapshot time unpublished,"sell: $25,000 exceeds visible top-of-book ($527) on ticker-only symbol; buy: $25,000 exceeds visible top-of-book ($212) on ticker-only symbol",2026-09-16T23:27:40.187038+00:00,ticker_only,2026-09-17T04:27:30.024688+00:00,ticker_only
rDIS-2026-06-30-1,rDIS,RDISUSDT,2026-06-30,1000,0.75,0.525,GROSS,98.705,98.02,OBSERVED p_pre,0.0005,DOCUMENTED promotional 0.05% through 2026-08-31,0.9133333333333363,0.0,REALISED overnight_2000 PDR,,,,,NO_SIGNAL,SUPPRESSED: eligibility snapshot time unpublished,"sell: $1,000 exceeds visible top-of-book ($107) on ticker-only symbol; buy: $1,000 exceeds visible top-of-book ($107) on ticker-only symbol",2026-09-16T23:27:40.187038+00:00,ticker_only,2026-09-17T04:27:30.024688+00:00,ticker_only
rDIS-2026-06-30-1,rDIS,RDISUSDT,2026-06-30,5000,0.75,0.525,GROSS,98.705,98.02,OBSERVED p_pre,0.0005,DOCUMENTED promotional 0.05% through 2026-08-31,0.9133333333333363,0.0,REALISED overnight_2000 PDR,,,,,NO_SIGNAL,SUPPRESSED: eligibility snapshot time unpublished,"sell: $5,000 exceeds visible top-of-book ($107) on ticker-only symbol; buy: $5,000 exceeds visible top-of-book ($107) on ticker-only symbol",2026-09-16T23:27:40.187038+00:00,ticker_only,2026-09-17T04:27:30.024688+00:00,ticker_only
rDIS-2026-06-30-1,rDIS,RDISUSDT,2026-06-30,25000,0.75,0.525,GROSS,98.705,98.02,OBSERVED p_pre,0.0005,DOCUMENTED promotional 0.05% through 2026-08-31,0.9133333333333363,0.0,REALISED overnight_2000 PDR,,,,,NO_SIGNAL,SUPPRESSED: eligibility snapshot time unpublished,"sell: $25,000 exceeds visible top-of-book ($107) on ticker-only symbol; buy: $25,000 exceeds visible top-of-book ($107) on ticker-only symbol",2026-09-16T23:27:40.187038+00:00,ticker_only,2026-09-17T04:27:30.024688+00:00,ticker_only
rHIMX-2026-06-30-1,rHIMX,RHIMXUSDT,2026-06-30,1000,0.242,0.1694,GROSS,14.722,14.31,OBSERVED p_pre,0.0005,DOCUMENTED promotional 0.05% through 2026-08-31,1.7024793388429713,0.0,REALISED overnight_2000 PDR,,,,,NO_SIGNAL,SUPPRESSED: eligibility snapshot time unpublished,"sell: $1,000 exceeds visible top-of-book ($131) on ticker-only symbol; buy: $1,000 exceeds visible top-of-book ($40) on ticker-only symbol",2026-09-16T23:27:40.187038+00:00,ticker_only,2026-09-17T04:27:30.024688+00:00,ticker_only
rHIMX-2026-06-30-1,rHIMX,RHIMXUSDT,2026-06-30,5000,0.242,0.1694,GROSS,14.722,14.31,OBSERVED p_pre,0.0005,DOCUMENTED promotional 0.05% through 2026-08-31,1.7024793388429713,0.0,REALISED overnight_2000 PDR,,,,,NO_SIGNAL,SUPPRESSED: eligibility snapshot time unpublished,"sell: $5,000 exceeds visible top-of-book ($131) on ticker-only symbol; buy: $5,000 exceeds visible top-of-book ($40) on ticker-only symbol",2026-09-16T23:27:40.187038+00:00,ticker_only,2026-09-17T04:27:30.024688+00:00,ticker_only
rHIMX-2026-06-30-1,rHIMX,RHIMXUSDT,2026-06-30,25000,0.242,0.1694,GROSS,14.722,14.31,OBSERVED p_pre,0.0005,DOCUMENTED promotional 0.05% through 2026-08-31,1.7024793388429713,0.0,REALISED overnight_2000 PDR,,,,,NO_SIGNAL,SUPPRESSED: eligibility snapshot time unpublished,"sell: $25,000 exceeds visible top-of-book ($131) on ticker-only symbol; buy: $25,000 exceeds visible top-of-book ($40) on ticker-only symbol",2026-09-16T23:27:40.187038+00:00,ticker_only,2026-09-17T04:27:30.024688+00:00,ticker_only
rMPWR-2026-06-30-1,rMPWR,RMPWRUSDT,2026-06-30,1000,2.0,1.4,GROSS,1308.795,1309.99,OBSERVED p_pre,0.0005,DOCUMENTED promotional 0.05% through 2026-08-31,-0.5974999999999682,0.0,REALISED overnight_2000 PDR,17.54979926143367,-20.144799261433604,-20.144799261433604,-14.954799261433733,HOLD,SUPPRESSED: eligibility snapshot time unpublished,,2026-09-16T23:27:40.187038+00:00,ticker_only,2026-09-17T04:27:30.024688+00:00,ticker_only
rMPWR-2026-06-30-1,rMPWR,RMPWRUSDT,2026-06-30,5000,2.0,1.4,GROSS,1308.795,1309.99,OBSERVED p_pre,0.0005,DOCUMENTED promotional 0.05% through 2026-08-31,-0.5974999999999682,0.0,REALISED overnight_2000 PDR,,,,,NO_SIGNAL,SUPPRESSED: eligibility snapshot time unpublished,"buy: $5,000 exceeds visible top-of-book ($1,165) on ticker-only symbol",2026-09-16T23:27:40.187038+00:00,ticker_only,2026-09-17T04:27:30.024688+00:00,ticker_only
rMPWR-2026-06-30-1,rMPWR,RMPWRUSDT,2026-06-30,25000,2.0,1.4,GROSS,1308.795,1309.99,OBSERVED p_pre,0.0005,DOCUMENTED promotional 0.05% through 2026-08-31,-0.5974999999999682,0.0,REALISED overnight_2000 PDR,,,,,NO_SIGNAL,SUPPRESSED: eligibility snapshot time unpublished,"buy: $25,000 exceeds visible top-of-book ($1,165) on ticker-only symbol",2026-09-16T23:27:40.187038+00:00,ticker_only,2026-09-17T04:27:30.024688+00:00,ticker_only
rPCG-2026-06-30-1,rPCG,RPCGUSDT,2026-06-30,1000,0.05,0.035,GROSS,17.195,17.195,OBSERVED p_pre,0.0005,DOCUMENTED promotional 0.05% through 2026-08-31,0.0,0.0,REALISED overnight_2000 PDR,,,,,NO_SIGNAL,SUPPRESSED: eligibility snapshot time unpublished,"sell: $1,000 exceeds visible top-of-book ($13) on ticker-only symbol",2026-09-16T23:27:40.187038+00:00,ticker_only,2026-09-17T04:27:30.024688+00:00,ticker_only
rPCG-2026-06-30-1,rPCG,RPCGUSDT,2026-06-30,5000,0.05,0.035,GROSS,17.195,17.195,OBSERVED p_pre,0.0005,DOCUMENTED promotional 0.05% through 2026-08-31,0.0,0.0,REALISED overnight_2000 PDR,,,,,NO_SIGNAL,SUPPRESSED: eligibility snapshot time unpublished,"sell: $5,000 exceeds visible top-of-book ($13) on ticker-only symbol",2026-09-16T23:27:40.187038+00:00,ticker_only,2026-09-17T04:27:30.024688+00:00,ticker_only
rPCG-2026-06-30-1,rPCG,RPCGUSDT,2026-06-30,25000,0.05,0.035,GROSS,17.195,17.195,OBSERVED p_pre,0.0005,DOCUMENTED promotional 0.05% through 2026-08-31,0.0,0.0,REALISED overnight_2000 PDR,,,,,NO_SIGNAL,SUPPRESSED: eligibility snapshot time unpublished,"sell: $25,000 exceeds visible top-of-book ($13) on ticker-only symbol",2026-09-16T23:27:40.187038+00:00,ticker_only,2026-09-17T04:27:30.024688+00:00,ticker_only
rSTRC-2026-06-30-1,rSTRC,RSTRCUSDT,2026-06-30,1000,0.47916667,0.335416669,GROSS,83.88,83.32,OBSERVED p_pre,0.0005,DOCUMENTED promotional 0.05% through 2026-08-31,1.1686956440438612,0.0,REALISED overnight_2000 PDR,0.16955766446231116,0.055025666537691115,0.055025666537691115,-0.3941409954623134,EXIT,SUPPRESSED: eligibility snapshot time unpublished,,2026-09-16T23:27:40.187038+00:00,public_book,2026-09-17T04:27:30.024688+00:00,public_book
rSTRC-2026-06-30-1,rSTRC,RSTRCUSDT,2026-06-30,5000,0.47916667,0.335416669,GROSS,83.88,83.32,OBSERVED p_pre,0.0005,DOCUMENTED promotional 0.05% through 2026-08-31,1.1686956440438612,0.0,REALISED overnight_2000 PDR,0.34665011703612475,-0.12206678603612248,-0.12206678603612248,-0.571233448036127,HOLD,SUPPRESSED: eligibility snapshot time unpublished,,2026-09-16T23:27:40.187038+00:00,public_book,2026-09-17T04:27:30.024688+00:00,public_book
rSTRC-2026-06-30-1,rSTRC,RSTRCUSDT,2026-06-30,25000,0.47916667,0.335416669,GROSS,83.88,83.32,OBSERVED p_pre,0.0005,DOCUMENTED promotional 0.05% through 2026-08-31,1.1686956440438612,0.0,REALISED overnight_2000 PDR,0.6356862401883712,-0.4111029091883689,-0.4111029091883689,-0.8602695711883734,HOLD,SUPPRESSED: eligibility snapshot time unpublished,,2026-09-16T23:27:40.187038+00:00,public_book,2026-09-17T04:27:30.024688+00:00,public_book
rBITI-2026-07-01-1,rBITI,RBITIUSDT,2026-07-01,1000,1.448766,1.0141362,GROSS,29.16,27.73,OBSERVED p_pre,0.0005,DOCUMENTED promotional 0.05% through 2026-08-31,0.9870469075061119,0.0,REALISED overnight_2000 PDR,,,,,NO_SIGNAL,SUPPRESSED: eligibility snapshot time unpublished,"sell: $1,000 exceeds visible top-of-book ($195) on ticker-only symbol",2026-09-16T23:27:40.187038+00:00,ticker_only,2026-09-17T04:27:30.024688+00:00,ticker_only
rBITI-2026-07-01-1,rBITI,RBITIUSDT,2026-07-01,5000,1.448766,1.0141362,GROSS,29.16,27.73,OBSERVED p_pre,0.0005,DOCUMENTED promotional 0.05% through 2026-08-31,0.9870469075061119,0.0,REALISED overnight_2000 PDR,,,,,NO_SIGNAL,SUPPRESSED: eligibility snapshot time unpublished,"sell: $5,000 exceeds visible top-of-book ($195) on ticker-only symbol",2026-09-16T23:27:40.187038+00:00,ticker_only,2026-09-17T04:27:30.024688+00:00,ticker_only
rBITI-2026-07-01-1,rBITI,RBITIUSDT,2026-07-01,25000,1.448766,1.0141362,GROSS,29.16,27.73,OBSERVED p_pre,0.0005,DOCUMENTED promotional 0.05% through 2026-08-31,0.9870469075061119,0.0,REALISED overnight_2000 PDR,,,,,NO_SIGNAL,SUPPRESSED: eligibility snapshot time unpublished,"sell: $25,000 exceeds visible top-of-book ($195) on ticker-only symbol",2026-09-16T23:27:40.187038+00:00,ticker_only,2026-09-17T04:27:30.024688+00:00,ticker_only
rBITO-2026-07-01-1,rBITO,RBITOUSDT,2026-07-01,1000,0.010375,0.0072625,GROSS,7.945,7.94,OBSERVED p_pre,0.0005,DOCUMENTED promotional 0.05% through 2026-08-31,0.4819277108433632,0.0,REALISED overnight_2000 PDR,0.019604279891864973,-0.021866779891865078,-0.021866779891865078,-0.01734177989186487,HOLD,SUPPRESSED: eligibility snapshot time unpublished,,2026-09-16T23:27:40.187038+00:00,ticker_only,2026-09-17T04:27:30.024688+00:00,ticker_only
rBITO-2026-07-01-1,rBITO,RBITOUSDT,2026-07-01,5000,0.010375,0.0072625,GROSS,7.945,7.94,OBSERVED p_pre,0.0005,DOCUMENTED promotional 0.05% through 2026-08-31,0.4819277108433632,0.0,REALISED overnight_2000 PDR,0.019604279891864973,-0.021866779891865078,-0.021866779891865078,-0.01734177989186487,HOLD,SUPPRESSED: eligibility snapshot time unpublished,,2026-09-16T23:27:40.187038+00:00,ticker_only,2026-09-17T04:27:30.024688+00:00,ticker_only
rBITO-2026-07-01-1,rBITO,RBITOUSDT,2026-07-01,25000,0.010375,0.0072625,GROSS,7.945,7.94,OBSERVED p_pre,0.0005,DOCUMENTED promotional 0.05% through 2026-08-31,0.4819277108433632,0.0,REALISED overnight_2000 PDR,0.019604279891864973,-0.021866779891865078,-0.021866779891865078,-0.01734177989186487,HOLD,SUPPRESSED: eligibility snapshot time unpublished,,2026-09-16T23:27:40.187038+00:00,ticker_only,2026-09-17T04:27:30.024688+00:00,ticker_only
rCLOI-2026-07-01-1,rCLOI,RCLOIUSDT,2026-07-01,1000,0.2051,0.14357,GROSS,52.95,52.757,OBSERVED p_pre,0.0005,DOCUMENTED promotional 0.05% through 2026-08-31,0.9410043881033883,0.0,REALISED overnight_2000 PDR,,,,,NO_SIGNAL,SUPPRESSED: eligibility snapshot time unpublished,"sell: $1,000 exceeds visible top-of-book ($582) on ticker-only symbol",2026-09-16T23:27:40.187038+00:00,ticker_only,2026-09-17T04:27:30.024688+00:00,ticker_only
rCLOI-2026-07-01-1,rCLOI,RCLOIUSDT,2026-07-01,5000,0.2051,0.14357,GROSS,52.95,52.757,OBSERVED p_pre,0.0005,DOCUMENTED promotional 0.05% through 2026-08-31,0.9410043881033883,0.0,REALISED overnight_2000 PDR,,,,,NO_SIGNAL,SUPPRESSED: eligibility snapshot time unpublished,"sell: $5,000 exceeds visible top-of-book ($582) on ticker-only symbol",2026-09-16T23:27:40.187038+00:00,ticker_only,2026-09-17T04:27:30.024688+00:00,ticker_only
rCLOI-2026-07-01-1,rCLOI,RCLOIUSDT,2026-07-01,25000,0.2051,0.14357,GROSS,52.95,52.757,OBSERVED p_pre,0.0005,DOCUMENTED promotional 0.05% through 2026-08-31,0.9410043881033883,0.0,REALISED overnight_2000 PDR,,,,,NO_SIGNAL,SUPPRESSED: eligibility snapshot time unpublished,"sell: $25,000 exceeds visible top-of-book ($582) on ticker-only symbol; buy: $25,000 exceeds visible top-of-book ($5,750) on ticker-only symbol",2026-09-16T23:27:40.187038+00:00,ticker_only,2026-09-17T04:27:30.024688+00:00,ticker_only
rCMCSA-2026-07-01-1,rCMCSA,RCMCSAUSDT,2026-07-01,1000,0.33,0.231,GROSS,24.585,24.51,OBSERVED p_pre,0.0005,DOCUMENTED promotional 0.05% through 2026-08-31,0.2272727272727251,0.0,REALISED overnight_2000 PDR,,,,,NO_SIGNAL,SUPPRESSED: eligibility snapshot time unpublished,"sell: $1,000 exceeds visible top-of-book ($924) on ticker-only symbol; buy: $1,000 exceeds visible top-of-book ($760) on ticker-only symbol",2026-09-16T23:27:40.187038+00:00,ticker_only,2026-09-17T04:27:30.024688+00:00,ticker_only
rCMCSA-2026-07-01-1,rCMCSA,RCMCSAUSDT,2026-07-01,5000,0.33,0.231,GROSS,24.585,24.51,OBSERVED p_pre,0.0005,DOCUMENTED promotional 0.05% through 2026-08-31,0.2272727272727251,0.0,REALISED overnight_2000 PDR,,,,,NO_SIGNAL,SUPPRESSED: eligibility snapshot time unpublished,"sell: $5,000 exceeds visible top-of-book ($924) on ticker-only symbol; buy: $5,000 exceeds visible top-of-book ($760) on ticker-only symbol",2026-09-16T23:27:40.187038+00:00,ticker_only,2026-09-17T04:27:30.024688+00:00,ticker_only
rCMCSA-2026-07-01-1,rCMCSA,RCMCSAUSDT,2026-07-01,25000,0.33,0.231,GROSS,24.585,24.51,OBSERVED p_pre,0.0005,DOCUMENTED promotional 0.05% through 2026-08-31,0.2272727272727251,0.0,REALISED overnight_2000 PDR,,,,,NO_SIGNAL,SUPPRESSED: eligibility snapshot time unpublished,"sell: $25,000 exceeds visible top-of-book ($924) on ticker-only symbol; buy: $25,000 exceeds visible top-of-book ($760) on ticker-only symbol",2026-09-16T23:27:40.187038+00:00,ticker_only,2026-09-17T04:27:30.024688+00:00,ticker_only
rHEI-2026-07-01-1,rHEI,RHEIUSDT,2026-07-01,1000,0.13,0.091,GROSS,354.6,354.6,OBSERVED p_pre,0.0005,DOCUMENTED promotional 0.05% through 2026-08-31,0.0,0.0,REALISED overnight_2000 PDR,,,,,NO_SIGNAL,SUPPRESSED: eligibility snapshot time unpublished,"buy: $1,000 exceeds visible top-of-book ($918) on ticker-only symbol",2026-09-16T23:27:40.187038+00:00,ticker_only,2026-09-17T04:27:30.024688+00:00,ticker_only
rHEI-2026-07-01-1,rHEI,RHEIUSDT,2026-07-01,5000,0.13,0.091,GROSS,354.6,354.6,OBSERVED p_pre,0.0005,DOCUMENTED promotional 0.05% through 2026-08-31,0.0,0.0,REALISED overnight_2000 PDR,,,,,NO_SIGNAL,SUPPRESSED: eligibility snapshot time unpublished,"buy: $5,000 exceeds visible top-of-book ($918) on ticker-only symbol",2026-09-16T23:27:40.187038+00:00,ticker_only,2026-09-17T04:27:30.024688+00:00,ticker_only
rHEI-2026-07-01-1,rHEI,RHEIUSDT,2026-07-01,25000,0.13,0.091,GROSS,354.6,354.6,OBSERVED p_pre,0.0005,DOCUMENTED promotional 0.05% through 2026-08-31,0.0,0.0,REALISED overnight_2000 PDR,,,,,NO_SIGNAL,SUPPRESSED: eligibility snapshot time unpublished,"buy: $25,000 exceeds visible top-of-book ($918) on ticker-only symbol",2026-09-16T23:27:40.187038+00:00,ticker_only,2026-09-17T04:27:30.024688+00:00,ticker_only
rHYS-2026-07-01-1,rHYS,RHYSUSDT,2026-07-01,1000,0.57,0.399,GROSS,93.51,93.51,OBSERVED p_pre,0.0005,DOCUMENTED promotional 0.05% through 2026-08-31,0.0,0.0,REALISED overnight_2000 PDR,,,,,NO_SIGNAL,SUPPRESSED: eligibility snapshot time unpublished,"sell: $1,000 exceeds visible top-of-book ($91) on ticker-only symbol",2026-09-16T23:27:40.187038+00:00,ticker_only,2026-09-17T04:27:30.024688+00:00,ticker_only
rHYS-2026-07-01-1,rHYS,RHYSUSDT,2026-07-01,5000,0.57,0.399,GROSS,93.51,93.51,OBSERVED p_pre,0.0005,DOCUMENTED promotional 0.05% through 2026-08-31,0.0,0.0,REALISED overnight_2000 PDR,,,,,NO_SIGNAL,SUPPRESSED: eligibility snapshot time unpublished,"sell: $5,000 exceeds visible top-of-book ($91) on ticker-only symbol",2026-09-16T23:27:40.187038+00:00,ticker_only,2026-09-17T04:27:30.024688+00:00,ticker_only
rHYS-2026-07-01-1,rHYS,RHYSUSDT,2026-07-01,25000,0.57,0.399,GROSS,93.51,93.51,OBSERVED p_pre,0.0005,DOCUMENTED promotional 0.05% through 2026-08-31,0.0,0.0,REALISED overnight_2000 PDR,,,,,NO_SIGNAL,SUPPRESSED: eligibility snapshot time unpublished,"sell: $25,000 exceeds visible top-of-book ($91) on ticker-only symbol; buy: $25,000 exceeds visible top-of-book ($11,217) on ticker-only symbol",2026-09-16T23:27:40.187038+00:00,ticker_only,2026-09-17T04:27:30.024688+00:00,ticker_only
rPWR-2026-07-01-1,rPWR,RPWRUSDT,2026-07-01,1000,0.11,0.077,GROSS,719.275,718.85,OBSERVED p_pre,0.0005,DOCUMENTED promotional 0.05% through 2026-08-31,3.8636363636359503,0.0,REALISED overnight_2000 PDR,6.8684093738520575,-6.520409373852103,-6.520409373852103,-7.216409373852012,HOLD,SUPPRESSED: eligibility snapshot time unpublished,,2026-09-16T23:27:40.187038+00:00,ticker_only,2026-09-17T04:27:30.024688+00:00,ticker_only
rPWR-2026-07-01-1,rPWR,RPWRUSDT,2026-07-01,5000,0.11,0.077,GROSS,719.275,718.85,OBSERVED p_pre,0.0005,DOCUMENTED promotional 0.05% through 2026-08-31,3.8636363636359503,0.0,REALISED overnight_2000 PDR,,,,,NO_SIGNAL,SUPPRESSED: eligibility snapshot time unpublished,"sell: $5,000 exceeds visible top-of-book ($3,105) on ticker-only symbol; buy: $5,000 exceeds visible top-of-book ($1,890) on ticker-only symbol",2026-09-16T23:27:40.187038+00:00,ticker_only,2026-09-17T04:27:30.024688+00:00,ticker_only
rPWR-2026-07-01-1,rPWR,RPWRUSDT,2026-07-01,25000,0.11,0.077,GROSS,719.275,718.85,OBSERVED p_pre,0.0005,DOCUMENTED promotional 0.05% through 2026-08-31,3.8636363636359503,0.0,REALISED overnight_2000 PDR,,,,,NO_SIGNAL,SUPPRESSED: eligibility snapshot time unpublished,"sell: $25,000 exceeds visible top-of-book ($3,105) on ticker-only symbol; buy: $25,000 exceeds visible top-of-book ($1,890) on ticker-only symbol",2026-09-16T23:27:40.187038+00:00,ticker_only,2026-09-17T04:27:30.024688+00:00,ticker_only
rSGOV-2026-07-01-1,rSGOV,RSGOVUSDT,2026-07-01,1000,0.295765,0.2070355,GROSS,100.665,100.39,OBSERVED p_pre,0.0005,DOCUMENTED promotional 0.05% through 2026-08-31,0.9297922336990708,0.0,REALISED overnight_2000 PDR,0.21738873849014995,-0.14942423849014427,-0.14942423849014427,-0.2853532384901556,HOLD,SUPPRESSED: eligibility snapshot time unpublished,,2026-09-16T23:27:40.187038+00:00,public_book,2026-09-17T04:27:30.024688+00:00,public_book
rSGOV-2026-07-01-1,rSGOV,RSGOVUSDT,2026-07-01,5000,0.295765,0.2070355,GROSS,100.665,100.39,OBSERVED p_pre,0.0005,DOCUMENTED promotional 0.05% through 2026-08-31,0.9297922336990708,0.0,REALISED overnight_2000 PDR,0.3638947748043112,-0.29593027480430556,-0.29593027480430556,-0.43185927480431685,HOLD,SUPPRESSED: eligibility snapshot time unpublished,,2026-09-16T23:27:40.187038+00:00,public_book,2026-09-17T04:27:30.024688+00:00,public_book
rSGOV-2026-07-01-1,rSGOV,RSGOVUSDT,2026-07-01,25000,0.295765,0.2070355,GROSS,100.665,100.39,OBSERVED p_pre,0.0005,DOCUMENTED promotional 0.05% through 2026-08-31,0.9297922336990708,0.0,REALISED overnight_2000 PDR,0.8471550650637346,-0.779190565063729,-0.779190565063729,-0.9151195650637403,HOLD,SUPPRESSED: eligibility snapshot time unpublished,,2026-09-16T23:27:40.187038+00:00,public_book,2026-09-17T04:27:30.024688+00:00,public_book
rTLT-2026-07-01-1,rTLT,RTLTUSDT,2026-07-01,1000,0.31803,0.222621,GROSS,86.265,85.88,OBSERVED p_pre,0.0005,DOCUMENTED promotional 0.05% through 2026-08-31,1.2105776184636832,0.0,REALISED overnight_2000 PDR,0.22554142781467168,-0.06316242781466658,-0.06316242781466658,-0.3879204278146768,HOLD,SUPPRESSED: eligibility snapshot time unpublished,,2026-09-16T23:27:40.187038+00:00,public_book,2026-09-17T04:27:30.024688+00:00,public_book
rTLT-2026-07-01-1,rTLT,RTLTUSDT,2026-07-01,5000,0.31803,0.222621,GROSS,86.265,85.88,OBSERVED p_pre,0.0005,DOCUMENTED promotional 0.05% through 2026-08-31,1.2105776184636832,0.0,REALISED overnight_2000 PDR,0.4510418703449497,-0.2886628703449446,-0.2886628703449446,-0.6134208703449548,HOLD,SUPPRESSED: eligibility snapshot time unpublished,,2026-09-16T23:27:40.187038+00:00,public_book,2026-09-17T04:27:30.024688+00:00,public_book
rTLT-2026-07-01-1,rTLT,RTLTUSDT,2026-07-01,25000,0.31803,0.222621,GROSS,86.265,85.88,OBSERVED p_pre,0.0005,DOCUMENTED promotional 0.05% through 2026-08-31,1.2105776184636832,0.0,REALISED overnight_2000 PDR,0.8495522487407827,-0.6871732487407776,-0.6871732487407776,-1.0119312487407879,HOLD,SUPPRESSED: eligibility snapshot time unpublished,,2026-09-16T23:27:40.187038+00:00,public_book,2026-09-17T04:27:30.024688+00:00,public_book
rCSCO-2026-07-06-1,rCSCO,RCSCOUSDT,2026-07-06,1000,0.42,0.294,GROSS,112.465,113.59,OBSERVED p_pre,0.0005,DOCUMENTED promotional 0.05% through 2026-08-31,-2.678571428571429,0.0,REALISED overnight_2000 PDR,0.5462426101306843,-1.9652426101306844,-1.9652426101306844,0.8727573898693157,HOLD,SUPPRESSED: eligibility snapshot time unpublished,,2026-09-16T23:27:40.187038+00:00,public_book,2026-09-17T04:27:30.024688+00:00,public_book
rCSCO-2026-07-06-1,rCSCO,RCSCOUSDT,2026-07-06,5000,0.42,0.294,GROSS,112.465,113.59,OBSERVED p_pre,0.0005,DOCUMENTED promotional 0.05% through 2026-08-31,-2.678571428571429,0.0,REALISED overnight_2000 PDR,0.8264446613440313,-2.245444661344031,-2.245444661344031,0.5925553386559688,HOLD,SUPPRESSED: eligibility snapshot time unpublished,,2026-09-16T23:27:40.187038+00:00,public_book,2026-09-17T04:27:30.024688+00:00,public_book
rCSCO-2026-07-06-1,rCSCO,RCSCOUSDT,2026-07-06,25000,0.42,0.294,GROSS,112.465,113.59,OBSERVED p_pre,0.0005,DOCUMENTED promotional 0.05% through 2026-08-31,-2.678571428571429,0.0,REALISED overnight_2000 PDR,1.3649013007049415,-2.7839013007049416,-2.7839013007049416,0.054098699295058505,HOLD,SUPPRESSED: eligibility snapshot time unpublished,,2026-09-16T23:27:40.187038+00:00,public_book,2026-09-17T04:27:30.024688+00:00,public_book
rMU-2026-07-06-1,rMU,RMUUSDT,2026-07-06,1000,0.15,0.105,GROSS,977.5,976.994,OBSERVED p_pre,0.0005,DOCUMENTED promotional 0.05% through 2026-08-31,3.3733333333331457,0.0,REALISED overnight_2000 PDR,1.3697170568383852,-0.9687170568384134,-0.9687170568384134,-1.770717056838357,HOLD,SUPPRESSED: eligibility snapshot time unpublished,,2026-09-16T23:27:40.187038+00:00,public_book,2026-09-17T04:27:30.024688+00:00,public_book
rMU-2026-07-06-1,rMU,RMUUSDT,2026-07-06,5000,0.15,0.105,GROSS,977.5,976.994,OBSERVED p_pre,0.0005,DOCUMENTED promotional 0.05% through 2026-08-31,3.3733333333331457,0.0,REALISED overnight_2000 PDR,1.4487976171630406,-1.0477976171630687,-1.0477976171630687,-1.8497976171630124,HOLD,SUPPRESSED: eligibility snapshot time unpublished,,2026-09-16T23:27:40.187038+00:00,public_book,2026-09-17T04:27:30.024688+00:00,public_book
rMU-2026-07-06-1,rMU,RMUUSDT,2026-07-06,25000,0.15,0.105,GROSS,977.5,976.994,OBSERVED p_pre,0.0005,DOCUMENTED promotional 0.05% through 2026-08-31,3.3733333333331457,0.0,REALISED overnight_2000 PDR,1.4646131688939075,-1.0636131688939356,-1.0636131688939356,-1.8656131688938793,HOLD,SUPPRESSED: eligibility snapshot time unpublished,,2026-09-16T23:27:40.187038+00:00,public_book,2026-09-17T04:27:30.024688+00:00,public_book
rOPRA-2026-07-07-1,rOPRA,ROPRAUSDT,2026-07-07,1000,0.39,0.273,GROSS,20.67,19.91,OBSERVED p_pre,0.0005,DOCUMENTED promotional 0.05% through 2026-08-31,1.9487179487179527,0.0,REALISED overnight_2000 PDR,,,,,NO_SIGNAL,SUPPRESSED: eligibility snapshot time unpublished,"sell: $1,000 exceeds visible top-of-book ($18) on ticker-only symbol; buy: $1,000 exceeds visible top-of-book ($572) on ticker-only symbol",2026-09-16T23:27:40.187038+00:00,ticker_only,2026-09-17T04:27:30.024688+00:00,ticker_only
rOPRA-2026-07-07-1,rOPRA,ROPRAUSDT,2026-07-07,5000,0.39,0.273,GROSS,20.67,19.91,OBSERVED p_pre,0.0005,DOCUMENTED promotional 0.05% through 2026-08-31,1.9487179487179527,0.0,REALISED overnight_2000 PDR,,,,,NO_SIGNAL,SUPPRESSED: eligibility snapshot time unpublished,"sell: $5,000 exceeds visible top-of-book ($18) on ticker-only symbol; buy: $5,000 exceeds visible top-of-book ($572) on ticker-only symbol",2026-09-16T23:27:40.187038+00:00,ticker_only,2026-09-17T04:27:30.024688+00:00,ticker_only
rOPRA-2026-07-07-1,rOPRA,ROPRAUSDT,2026-07-07,25000,0.39,0.273,GROSS,20.67,19.91,OBSERVED p_pre,0.0005,DOCUMENTED promotional 0.05% through 2026-08-31,1.9487179487179527,0.0,REALISED overnight_2000 PDR,,,,,NO_SIGNAL,SUPPRESSED: eligibility snapshot time unpublished,"sell: $25,000 exceeds visible top-of-book ($18) on ticker-only symbol; buy: $25,000 exceeds visible top-of-book ($572) on ticker-only symbol",2026-09-16T23:27:40.187038+00:00,ticker_only,2026-09-17T04:27:30.024688+00:00,ticker_only
rINTU-2026-07-09-1,rINTU,RINTUUSDT,2026-07-09,1000,1.2,0.84,GROSS,273.055,271.61,OBSERVED p_pre,0.0005,DOCUMENTED promotional 0.05% through 2026-08-31,1.204166666666661,0.0,REALISED overnight_2000 PDR,,,,,NO_SIGNAL,SUPPRESSED: eligibility snapshot time unpublished,"buy: $1,000 exceeds visible top-of-book ($322) on ticker-only symbol",2026-09-16T23:27:40.187038+00:00,ticker_only,2026-09-17T04:27:30.024688+00:00,ticker_only
rINTU-2026-07-09-1,rINTU,RINTUUSDT,2026-07-09,5000,1.2,0.84,GROSS,273.055,271.61,OBSERVED p_pre,0.0005,DOCUMENTED promotional 0.05% through 2026-08-31,1.204166666666661,0.0,REALISED overnight_2000 PDR,,,,,NO_SIGNAL,SUPPRESSED: eligibility snapshot time unpublished,"buy: $5,000 exceeds visible top-of-book ($322) on ticker-only symbol",2026-09-16T23:27:40.187038+00:00,ticker_only,2026-09-17T04:27:30.024688+00:00,ticker_only
rINTU-2026-07-09-1,rINTU,RINTUUSDT,2026-07-09,25000,1.2,0.84,GROSS,273.055,271.61,OBSERVED p_pre,0.0005,DOCUMENTED promotional 0.05% through 2026-08-31,1.204166666666661,0.0,REALISED overnight_2000 PDR,,,,,NO_SIGNAL,SUPPRESSED: eligibility snapshot time unpublished,"buy: $25,000 exceeds visible top-of-book ($322) on ticker-only symbol",2026-09-16T23:27:40.187038+00:00,ticker_only,2026-09-17T04:27:30.024688+00:00,ticker_only
rSATA-2026-07-09-1,rSATA,RSATAUSDT,2026-07-09,1000,0.0493,0.03451,GROSS,96.21,96.96,OBSERVED p_pre,0.0005,DOCUMENTED promotional 0.05% through 2026-08-31,-15.212981744421908,0.0,REALISED overnight_2000 PDR,0.1062444640953712,-0.8907544640953713,-0.8907544640953713,0.6782655359046288,HOLD,SUPPRESSED: eligibility snapshot time unpublished,,2026-09-16T23:27:40.187038+00:00,ticker_only,2026-09-17T04:27:30.024688+00:00,ticker_only
rSATA-2026-07-09-1,rSATA,RSATAUSDT,2026-07-09,5000,0.0493,0.03451,GROSS,96.21,96.96,OBSERVED p_pre,0.0005,DOCUMENTED promotional 0.05% through 2026-08-31,-15.212981744421908,0.0,REALISED overnight_2000 PDR,,,,,NO_SIGNAL,SUPPRESSED: eligibility snapshot time unpublished,"buy: $5,000 exceeds visible top-of-book ($1,000) on ticker-only symbol",2026-09-16T23:27:40.187038+00:00,ticker_only,2026-09-17T04:27:30.024688+00:00,ticker_only
rSATA-2026-07-09-1,rSATA,RSATAUSDT,2026-07-09,25000,0.0493,0.03451,GROSS,96.21,96.96,OBSERVED p_pre,0.0005,DOCUMENTED promotional 0.05% through 2026-08-31,-15.212981744421908,0.0,REALISED overnight_2000 PDR,,,,,NO_SIGNAL,SUPPRESSED: eligibility snapshot time unpublished,"sell: $25,000 exceeds visible top-of-book ($19,996) on ticker-only symbol; buy: $25,000 exceeds visible top-of-book ($1,000) on ticker-only symbol",2026-09-16T23:27:40.187038+00:00,ticker_only,2026-09-17T04:27:30.024688+00:00,ticker_only
rSATA-2026-07-10-1,rSATA,RSATAUSDT,2026-07-10,1000,0.0493,0.03451,GROSS,97.195,99.98,OBSERVED p_pre,0.0005,DOCUMENTED promotional 0.05% through 2026-08-31,-56.49087221095357,0.0,REALISED overnight_2000 PDR,0.10844722903435705,-2.927957229034368,-2.927957229034368,2.7110627709656536,HOLD,SUPPRESSED: eligibility snapshot time unpublished,,2026-09-16T23:27:40.187038+00:00,ticker_only,2026-09-17T04:27:30.024688+00:00,ticker_only
rSATA-2026-07-10-1,rSATA,RSATAUSDT,2026-07-10,5000,0.0493,0.03451,GROSS,97.195,99.98,OBSERVED p_pre,0.0005,DOCUMENTED promotional 0.05% through 2026-08-31,-56.49087221095357,0.0,REALISED overnight_2000 PDR,,,,,NO_SIGNAL,SUPPRESSED: eligibility snapshot time unpublished,"buy: $5,000 exceeds visible top-of-book ($1,000) on ticker-only symbol",2026-09-16T23:27:40.187038+00:00,ticker_only,2026-09-17T04:27:30.024688+00:00,ticker_only
rSATA-2026-07-10-1,rSATA,RSATAUSDT,2026-07-10,25000,0.0493,0.03451,GROSS,97.195,99.98,OBSERVED p_pre,0.0005,DOCUMENTED promotional 0.05% through 2026-08-31,-56.49087221095357,0.0,REALISED overnight_2000 PDR,,,,,NO_SIGNAL,SUPPRESSED: eligibility snapshot time unpublished,"sell: $25,000 exceeds visible top-of-book ($19,996) on ticker-only symbol; buy: $25,000 exceeds visible top-of-book ($1,000) on ticker-only symbol",2026-09-16T23:27:40.187038+00:00,ticker_only,2026-09-17T04:27:30.024688+00:00,ticker_only
rSATA-2026-07-13-1,rSATA,RSATAUSDT,2026-07-13,1000,0.0493,0.03451,GROSS,97.54,97.543,OBSERVED p_pre,0.0005,DOCUMENTED promotional 0.05% through 2026-08-31,-0.06085192697768994,0.0,REALISED overnight_2000 PDR,0.10729662552944053,-0.14480662552944062,-0.14480662552944062,-0.06978662552944041,HOLD,SUPPRESSED: eligibility snapshot time unpublished,,2026-09-16T23:27:40.187038+00:00,ticker_only,2026-09-17T04:27:30.024688+00:00,ticker_only
rSATA-2026-07-13-1,rSATA,RSATAUSDT,2026-07-13,5000,0.0493,0.03451,GROSS,97.54,97.543,OBSERVED p_pre,0.0005,DOCUMENTED promotional 0.05% through 2026-08-31,-0.06085192697768994,0.0,REALISED overnight_2000 PDR,,,,,NO_SIGNAL,SUPPRESSED: eligibility snapshot time unpublished,"buy: $5,000 exceeds visible top-of-book ($1,000) on ticker-only symbol",2026-09-16T23:27:40.187038+00:00,ticker_only,2026-09-17T04:27:30.024688+00:00,ticker_only
rSATA-2026-07-13-1,rSATA,RSATAUSDT,2026-07-13,25000,0.0493,0.03451,GROSS,97.54,97.543,OBSERVED p_pre,0.0005,DOCUMENTED promotional 0.05% through 2026-08-31,-0.06085192697768994,0.0,REALISED overnight_2000 PDR,,,,,NO_SIGNAL,SUPPRESSED: eligibility snapshot time unpublished,"sell: $25,000 exceeds visible top-of-book ($19,996) on ticker-only symbol; buy: $25,000 exceeds visible top-of-book ($1,000) on ticker-only symbol",2026-09-16T23:27:40.187038+00:00,ticker_only,2026-09-17T04:27:30.024688+00:00,ticker_only
rSATA-2026-07-14-1,rSATA,RSATAUSDT,2026-07-14,1000,0.0493,0.03451,GROSS,96.74,96.98,OBSERVED p_pre,0.0005,DOCUMENTED promotional 0.05% through 2026-08-31,-4.868154158215195,0.0,REALISED overnight_2000 PDR,0.10654696812097002,-0.38105696812097917,-0.38105696812097917,0.1679630318790391,HOLD,SUPPRESSED: eligibility snapshot time unpublished,,2026-09-16T23:27:40.187038+00:00,ticker_only,2026-09-17T04:27:30.024688+00:00,ticker_only
rSATA-2026-07-14-1,rSATA,RSATAUSDT,2026-07-14,5000,0.0493,0.03451,GROSS,96.74,96.98,OBSERVED p_pre,0.0005,DOCUMENTED promotional 0.05% through 2026-08-31,-4.868154158215195,0.0,REALISED overnight_2000 PDR,,,,,NO_SIGNAL,SUPPRESSED: eligibility snapshot time unpublished,"buy: $5,000 exceeds visible top-of-book ($1,000) on ticker-only symbol",2026-09-16T23:27:40.187038+00:00,ticker_only,2026-09-17T04:27:30.024688+00:00,ticker_only
rSATA-2026-07-14-1,rSATA,RSATAUSDT,2026-07-14,25000,0.0493,0.03451,GROSS,96.74,96.98,OBSERVED p_pre,0.0005,DOCUMENTED promotional 0.05% through 2026-08-31,-4.868154158215195,0.0,REALISED overnight_2000 PDR,,,,,NO_SIGNAL,SUPPRESSED: eligibility snapshot time unpublished,"sell: $25,000 exceeds visible top-of-book ($19,996) on ticker-only symbol; buy: $25,000 exceeds visible top-of-book ($1,000) on ticker-only symbol",2026-09-16T23:27:40.187038+00:00,ticker_only,2026-09-17T04:27:30.024688+00:00,ticker_only
rSATA-2026-07-21-1,rSATA,RSATAUSDT,2026-07-21,1000,0.0493,0.03451,GROSS,97.91,97.78,OBSERVED p_pre,0.0005,DOCUMENTED promotional 0.05% through 2026-08-31,2.6369168356997053,0.0,REALISED overnight_2000 PDR,0.10763047889738643,-0.012140478897390977,-0.012140478897390977,-0.20312047889738188,HOLD,SUPPRESSED: eligibility snapshot time unpublished,,2026-09-16T23:27:40.187038+00:00,ticker_only,2026-09-17T04:27:30.024688+00:00,ticker_only
rSATA-2026-07-21-1,rSATA,RSATAUSDT,2026-07-21,5000,0.0493,0.03451,GROSS,97.91,97.78,OBSERVED p_pre,0.0005,DOCUMENTED promotional 0.05% through 2026-08-31,2.6369168356997053,0.0,REALISED overnight_2000 PDR,,,,,NO_SIGNAL,SUPPRESSED: eligibility snapshot time unpublished,"buy: $5,000 exceeds visible top-of-book ($1,000) on ticker-only symbol",2026-09-16T23:27:40.187038+00:00,ticker_only,2026-09-17T04:27:30.024688+00:00,ticker_only
rSATA-2026-07-21-1,rSATA,RSATAUSDT,2026-07-21,25000,0.0493,0.03451,GROSS,97.91,97.78,OBSERVED p_pre,0.0005,DOCUMENTED promotional 0.05% through 2026-08-31,2.6369168356997053,0.0,REALISED overnight_2000 PDR,,,,,NO_SIGNAL,SUPPRESSED: eligibility snapshot time unpublished,"sell: $25,000 exceeds visible top-of-book ($19,996) on ticker-only symbol; buy: $25,000 exceeds visible top-of-book ($1,000) on ticker-only symbol",2026-09-16T23:27:40.187038+00:00,ticker_only,2026-09-17T04:27:30.024688+00:00,ticker_only
