fold,event_id,ex_date,rule_verdict,rule_return,hold_return,always_exit_return,rule_minus_always_exit,fee_drag_return,slippage_drag_return
IS_INITIAL,rNXPI-2026-06-24-1,2026-06-24,HOLD,0.003393631084857511,0.003393631084857511,-0.0035,0.006893631084857511,0.001,0.0025
IS_INITIAL,rSATA-2026-07-08-1,2026-07-08,HOLD,-0.004584772410949015,-0.004584772410949015,-0.0035,-0.0010847724109490152,0.001,0.0025
IS_INITIAL,rSATA-2026-07-15-1,2026-07-15,HOLD,0.0007489144316730616,0.0007489144316730616,-0.0035,0.004248914431673061,0.001,0.0025
IS_INITIAL,rSTRC-2026-07-15-1,2026-07-15,HOLD,-0.007897111913357433,-0.007897111913357433,-0.0035,-0.0043971119133574335,0.001,0.0025
IS_INITIAL,rSATA-2026-07-16-1,2026-07-16,HOLD,0.0004908486702371869,0.0004908486702371869,-0.0035,0.003990848670237187,0.001,0.0025
IS_INITIAL,rSATA-2026-07-17-1,2026-07-17,HOLD,0.0005284682661503153,0.0005284682661503153,-0.0035,0.004028468266150316,0.001,0.0025
IS_INITIAL,rSATA-2026-07-20-1,2026-07-20,HOLD,-0.016638150524493255,-0.016638150524493255,-0.0035,-0.013138150524493256,0.001,0.0025
IS_INITIAL,rSATA-2026-07-22-1,2026-07-22,HOLD,0.0039989398680951626,0.0039989398680951626,-0.0035,0.007498939868095163,0.001,0.0025
IS_INITIAL,rSATA-2026-07-23-1,2026-07-23,HOLD,0.0005140048437037449,0.0005140048437037449,-0.0035,0.004014004843703745,0.001,0.0025
IS_INITIAL,rSATA-2026-07-24-1,2026-07-24,HOLD,0.002070348434576744,0.002070348434576744,-0.0035,0.005570348434576744,0.001,0.0025
IS_INITIAL,rSATA-2026-07-27-1,2026-07-27,HOLD,-0.0019762479124141733,-0.0019762479124141733,-0.0035,0.0015237520875858268,0.001,0.0025
IS_INITIAL,rDGRW-2026-07-28-1,2026-07-28,HOLD,-9.408714560521321e-05,-9.408714560521321e-05,-0.0035,0.0034059128543947868,0.001,0.0025
IS_INITIAL,rSATA-2026-07-28-1,2026-07-28,HOLD,0.0025664082687338304,0.0025664082687338304,-0.0035,0.006066408268733831,0.001,0.0025
IS_INITIAL,rSATA-2026-07-29-1,2026-07-29,HOLD,-0.0015512953367875445,-0.0015512953367875445,-0.0035,0.0019487046632124555,0.001,0.0025
IS_INITIAL,rSATA-2026-07-30-1,2026-07-30,HOLD,0.01146750195771331,0.01146750195771331,-0.0035,0.014967501957713309,0.001,0.0025
IS_INITIAL,rSATA-2026-07-31-1,2026-07-31,HOLD,0.0005190968125813805,0.0005190968125813805,-0.0035,0.0040190968125813804,0.001,0.0025
IS_INITIAL,rSTRC-2026-07-31-1,2026-07-31,HOLD,0.005571030640668524,0.005571030640668524,-0.0035,0.009071030640668524,0.001,0.0025
OOS_2026_08,rSATA-2026-08-03-1,2026-08-03,HOLD,-0.0047579273008506425,-0.0047579273008506425,-0.0035,-0.0012579273008506424,0.001,0.0025
OOS_2026_08,rTLT-2026-08-03-1,2026-08-03,HOLD,0.005795745596391909,0.005795745596391909,-0.0035,0.00929574559639191,0.001,0.0025
OOS_2026_08,rSATA-2026-08-04-1,2026-08-04,HOLD,0.0005400466123882666,0.0005400466123882666,-0.0035,0.004040046612388267,0.001,0.0025
OOS_2026_08,rSATA-2026-08-05-1,2026-08-05,HOLD,0.0005272299989782364,0.0005272299989782364,-0.0035,0.004027229998978236,0.001,0.0025
OOS_2026_08,rSATA-2026-08-06-1,2026-08-06,HOLD,0.0005253245100534488,0.0005253245100534488,-0.0035,0.0040253245100534485,0.001,0.0025
OOS_2026_08,rSATA-2026-08-07-1,2026-08-07,HOLD,0.0005229553055640012,0.0005229553055640012,-0.0035,0.004022955305564001,0.001,0.0025
OOS_2026_08,rSATA-2026-08-10-1,2026-08-10,HOLD,0.0005344224985774868,0.0005344224985774868,-0.0035,0.004034422498577487,0.001,0.0025
OOS_2026_08,rSATA-2026-08-11-1,2026-08-11,HOLD,0.0005233000354951575,0.0005233000354951575,-0.0035,0.004023300035495158,0.001,0.0025
OOS_2026_08,rSATA-2026-08-12-1,2026-08-12,HOLD,0.0006116887049560951,0.0006116887049560951,-0.0035,0.004111688704956095,0.001,0.0025
OOS_2026_08,rSATA-2026-08-13-1,2026-08-13,HOLD,0.0005200302343159486,0.0005200302343159486,-0.0035,0.0040200302343159485,0.001,0.0025
OOS_2026_08,rSATA-2026-08-14-1,2026-08-14,HOLD,0.0005187493716698502,0.0005187493716698502,-0.0035,0.0040187493716698506,0.001,0.0025
OOS_2026_08,rSTRC-2026-08-14-1,2026-08-14,HOLD,0.00234668335419283,0.00234668335419283,-0.0035,0.00584668335419283,0.001,0.0025
OOS_2026_08,rSATA-2026-08-17-1,2026-08-17,HOLD,-0.001442003117300952,-0.001442003117300952,-0.0035,0.002057996882699048,0.001,0.0025
OOS_2026_08,rSATA-2026-08-18-1,2026-08-18,HOLD,-0.0029931561996779767,-0.0029931561996779767,-0.0035,0.0005068438003220234,0.001,0.0025
OOS_2026_08,rSATA-2026-08-19-1,2026-08-19,HOLD,0.0005183324962330487,0.0005183324962330487,-0.0035,0.004018332496233049,0.001,0.0025
OOS_2026_08,rSATA-2026-08-20-1,2026-08-20,HOLD,-0.002278899634213523,-0.002278899634213523,-0.0035,0.0012211003657864772,0.001,0.0025
OOS_2026_08,rSATA-2026-08-21-1,2026-08-21,HOLD,0.0005165165165165165,0.0005165165165165165,-0.0035,0.0040165165165165165,0.001,0.0025
OOS_2026_08,rSATA-2026-08-24-1,2026-08-24,HOLD,0.00023598820059005465,0.00023598820059005465,-0.0035,0.0037359882005900545,0.001,0.0025
OOS_2026_08,rSATA-2026-08-25-1,2026-08-25,HOLD,0.0005159742012899356,0.0005159742012899356,-0.0035,0.0040159742012899355,0.001,0.0025
OOS_2026_08,rDGRW-2026-08-26-1,2026-08-26,HOLD,-0.014734277990672314,-0.014734277990672314,-0.0035,-0.011234277990672314,0.001,0.0025
OOS_2026_08,rSATA-2026-08-26-1,2026-08-26,HOLD,-0.006023698815059211,-0.006023698815059211,-0.0035,-0.002523698815059211,0.001,0.0025
OOS_2026_08,rSATA-2026-08-27-1,2026-08-27,HOLD,0.0005159742012899356,0.0005159742012899356,-0.0035,0.0040159742012899355,0.001,0.0025
OOS_2026_08,rSATA-2026-08-28-1,2026-08-28,HOLD,-0.003753812309384456,-0.003753812309384456,-0.0035,-0.00025381230938445595,0.001,0.0025
OOS_2026_08,rSATA-2026-08-31-1,2026-08-31,HOLD,-0.011057171514543593,-0.011057171514543593,-0.0035,-0.007557171514543593,0.001,0.0025
OOS_2026_08,rSTRC-2026-08-31-1,2026-08-31,HOLD,0.0023045014595175326,0.0023045014595175326,-0.0035,0.005804501459517533,0.001,0.0025
OOS_2026_09,rSATA-2026-09-01-1,2026-09-01,HOLD,0.00011599420029006508,0.00011599420029006508,-0.0045000000000000005,0.004615994200290066,0.002,0.0025
OOS_2026_09,rTLT-2026-09-01-1,2026-09-01,HOLD,-0.001460475843651399,-0.001460475843651399,-0.0045000000000000005,0.0030395241563486016,0.002,0.0025
OOS_2026_09,rSATA-2026-09-02-1,2026-09-02,HOLD,0.0002259909603614798,0.0002259909603614798,-0.0045000000000000005,0.004725990960361481,0.002,0.0025
OOS_2026_09,rSATA-2026-09-03-1,2026-09-03,HOLD,0.0005159742012899356,0.0005159742012899356,-0.0045000000000000005,0.005015974201289936,0.002,0.0025
OOS_2026_09,rSATA-2026-09-04-1,2026-09-04,HOLD,0.00021599999999998863,0.00021599999999998863,-0.0045000000000000005,0.004715999999999989,0.002,0.0025
OOS_2026_09,rSATA-2026-09-08-1,2026-09-08,HOLD,0.0004939990120019561,0.0004939990120019561,-0.0045000000000000005,0.0049939990120019566,0.002,0.0025
OOS_2026_09,rSATA-2026-09-09-1,2026-09-09,HOLD,-8.402520756229142e-05,-8.402520756229142e-05,-0.0045000000000000005,0.004415974792437709,0.002,0.0025
OOS_2026_09,rSATA-2026-09-10-1,2026-09-10,HOLD,0.0002429944111284342,0.0002429944111284342,-0.0045000000000000005,0.004742994411128435,0.002,0.0025
OOS_2026_09,rSATA-2026-09-11-1,2026-09-11,HOLD,0.0005089964370249926,0.0005089964370249926,-0.0045000000000000005,0.005008996437024993,0.002,0.0025
OOS_2026_09,rSATA-2026-09-14-1,2026-09-14,HOLD,-0.001985985985985986,-0.001985985985985986,-0.0045000000000000005,0.0025140140140140145,0.002,0.0025
OOS_2026_09,rSATA-2026-09-15-1,2026-09-15,HOLD,-0.00048499951500046134,-0.00048499951500046134,-0.0045000000000000005,0.004015000484999539,0.002,0.0025
OOS_2026_09,rSTRC-2026-09-15-1,2026-09-15,HOLD,-0.002829997978572884,-0.002829997978572884,-0.0045000000000000005,0.0016700020214271164,0.002,0.0025
OOS_2026_09,rNXPI-2026-09-16-1,2026-09-16,HOLD,0.009799083538949505,0.009799083538949505,-0.0045000000000000005,0.014299083538949505,0.002,0.0025
OOS_2026_09,rSATA-2026-09-16-1,2026-09-16,HOLD,0.00031603160316035585,0.00031603160316035585,-0.0045000000000000005,0.004816031603160356,0.002,0.0025
