date,rule,hold,always_exit,rule_minus_always_exit
2026-06-24,0.00013575,0.00013575,-0.00014000,0.00027575
2026-06-25,0.00000000,0.00000000,0.00000000,0.00000000
2026-06-26,0.00000000,0.00000000,0.00000000,0.00000000
2026-06-27,0.00000000,0.00000000,0.00000000,0.00000000
2026-06-28,0.00000000,0.00000000,0.00000000,0.00000000
2026-06-29,0.00000000,0.00000000,0.00000000,0.00000000
2026-06-30,0.00000000,0.00000000,0.00000000,0.00000000
2026-07-01,0.00000000,0.00000000,0.00000000,0.00000000
2026-07-02,0.00000000,0.00000000,0.00000000,0.00000000
2026-07-03,0.00000000,0.00000000,0.00000000,0.00000000
2026-07-04,0.00000000,0.00000000,0.00000000,0.00000000
2026-07-05,0.00000000,0.00000000,0.00000000,0.00000000
2026-07-06,0.00000000,0.00000000,0.00000000,0.00000000
2026-07-07,0.00000000,0.00000000,0.00000000,0.00000000
2026-07-08,-0.00018339,-0.00018339,-0.00014000,-0.00004339
2026-07-09,0.00000000,0.00000000,0.00000000,0.00000000
2026-07-10,0.00000000,0.00000000,0.00000000,0.00000000
2026-07-11,0.00000000,0.00000000,0.00000000,0.00000000
2026-07-12,0.00000000,0.00000000,0.00000000,0.00000000
2026-07-13,0.00000000,0.00000000,0.00000000,0.00000000
2026-07-14,0.00000000,0.00000000,0.00000000,0.00000000
2026-07-15,-0.00028593,-0.00028593,-0.00028000,-0.00000593
2026-07-16,0.00001963,0.00001963,-0.00014000,0.00015963
2026-07-17,0.00002114,0.00002114,-0.00014000,0.00016114
2026-07-18,0.00000000,0.00000000,0.00000000,0.00000000
2026-07-19,0.00000000,0.00000000,0.00000000,0.00000000
2026-07-20,-0.00066553,-0.00066553,-0.00014000,-0.00052553
2026-07-21,0.00000000,0.00000000,0.00000000,0.00000000
2026-07-22,0.00015996,0.00015996,-0.00014000,0.00029996
2026-07-23,0.00002056,0.00002056,-0.00014000,0.00016056
2026-07-24,0.00008281,0.00008281,-0.00014000,0.00022281
2026-07-25,0.00000000,0.00000000,0.00000000,0.00000000
2026-07-26,0.00000000,0.00000000,0.00000000,0.00000000
2026-07-27,-0.00007905,-0.00007905,-0.00014000,0.00006095
2026-07-28,0.00009889,0.00009889,-0.00028000,0.00037889
2026-07-29,-0.00006205,-0.00006205,-0.00014000,0.00007795
2026-07-30,0.00045870,0.00045870,-0.00014000,0.00059870
2026-07-31,0.00024361,0.00024361,-0.00028000,0.00052361
2026-08-01,0.00000000,0.00000000,0.00000000,0.00000000
2026-08-02,0.00000000,0.00000000,0.00000000,0.00000000
2026-08-03,0.00004151,0.00004151,-0.00028000,0.00032151
2026-08-04,0.00002160,0.00002160,-0.00014000,0.00016160
2026-08-05,0.00002109,0.00002109,-0.00014000,0.00016109
2026-08-06,0.00002101,0.00002101,-0.00014000,0.00016101
2026-08-07,0.00002092,0.00002092,-0.00014000,0.00016092
2026-08-08,0.00000000,0.00000000,0.00000000,0.00000000
2026-08-09,0.00000000,0.00000000,0.00000000,0.00000000
2026-08-10,0.00002138,0.00002138,-0.00014000,0.00016138
2026-08-11,0.00002093,0.00002093,-0.00014000,0.00016093
2026-08-12,0.00002447,0.00002447,-0.00014000,0.00016447
2026-08-13,0.00002080,0.00002080,-0.00014000,0.00016080
2026-08-14,0.00011462,0.00011462,-0.00028000,0.00039462
2026-08-15,0.00000000,0.00000000,0.00000000,0.00000000
2026-08-16,0.00000000,0.00000000,0.00000000,0.00000000
2026-08-17,-0.00005768,-0.00005768,-0.00014000,0.00008232
2026-08-18,-0.00011973,-0.00011973,-0.00014000,0.00002027
2026-08-19,0.00002073,0.00002073,-0.00014000,0.00016073
2026-08-20,-0.00009116,-0.00009116,-0.00014000,0.00004884
2026-08-21,0.00002066,0.00002066,-0.00014000,0.00016066
2026-08-22,0.00000000,0.00000000,0.00000000,0.00000000
2026-08-23,0.00000000,0.00000000,0.00000000,0.00000000
2026-08-24,0.00000944,0.00000944,-0.00014000,0.00014944
2026-08-25,0.00002064,0.00002064,-0.00014000,0.00016064
2026-08-26,-0.00083032,-0.00083032,-0.00028000,-0.00055032
2026-08-27,0.00002064,0.00002064,-0.00014000,0.00016064
2026-08-28,-0.00015015,-0.00015015,-0.00014000,-0.00001015
2026-08-29,0.00000000,0.00000000,0.00000000,0.00000000
2026-08-30,0.00000000,0.00000000,0.00000000,0.00000000
2026-08-31,-0.00035011,-0.00035011,-0.00028000,-0.00007011
2026-09-01,-0.00005378,-0.00005378,-0.00036000,0.00030622
2026-09-02,0.00000904,0.00000904,-0.00018000,0.00018904
2026-09-03,0.00002064,0.00002064,-0.00018000,0.00020064
2026-09-04,0.00000864,0.00000864,-0.00018000,0.00018864
2026-09-05,0.00000000,0.00000000,0.00000000,0.00000000
2026-09-06,0.00000000,0.00000000,0.00000000,0.00000000
2026-09-07,0.00000000,0.00000000,0.00000000,0.00000000
2026-09-08,0.00001976,0.00001976,-0.00018000,0.00019976
2026-09-09,-0.00000336,-0.00000336,-0.00018000,0.00017664
2026-09-10,0.00000972,0.00000972,-0.00018000,0.00018972
2026-09-11,0.00002036,0.00002036,-0.00018000,0.00020036
2026-09-12,0.00000000,0.00000000,0.00000000,0.00000000
2026-09-13,0.00000000,0.00000000,0.00000000,0.00000000
2026-09-14,-0.00007944,-0.00007944,-0.00018000,0.00010056
2026-09-15,-0.00013260,-0.00013260,-0.00036000,0.00022740
2026-09-16,0.00040460,0.00040460,-0.00036000,0.00076460
