event,sym,bars,first,bars_exm1,bars_ex,vol_ex
rAVGO-2026-06-22-1,RAVGOUSDT,2888,2026-06-19 00:00:00+00:00,2,1431,7941611330.106005
rAVL-2026-06-23-1,RAVLUSDT,3079,2026-06-22 00:01:00+00:00,1030,1087,26157799.810792513
rCRCA-2026-06-24-1,RCRCAUSDT,3954,2026-06-22 00:00:00+00:00,1072,972,20963977.678072527
rFTGC-2026-06-25-1,RFTGCUSDT,1937,2026-06-22 01:52:00+00:00,404,378,32669942.277475998
rLABD-2026-06-23-1,RLABDUSDT,1927,2026-06-22 01:01:00+00:00,653,683,62255492.845842734
rPSQ-2026-06-24-1,RPSQUSDT,3284,2026-06-22 00:03:00+00:00,968,863,204197508.37603003
rSOXS-2026-06-23-1,RSOXSUSDT,0,,0,0,0.0
rSPXU-2026-06-24-1,RSPXUUSDT,3796,2026-06-22 00:00:00+00:00,1055,911,408643579.0566188
rSQQQ-2026-06-24-1,RSQQQUSDT,5696,2026-06-22 00:00:00+00:00,1439,1425,2918494406.4567413
rSTM-2026-06-23-1,RSTMUSDT,3250,2026-06-22 00:03:00+00:00,1086,1147,878350200.6724186
rTQQQ-2026-06-24-1,RTQQQUSDT,5761,2026-06-22 00:00:00+00:00,1440,1440,5453249751.288149
rTZA-2026-06-23-1,RTZAUSDT,0,,0,0,0.0
rUPRO-2026-06-24-1,RUPROUSDT,4714,2026-06-22 00:00:00+00:00,1299,1078,312018208.51150084
rVOO-2026-06-26-1,RVOOUSDT,5626,2026-06-23 00:00:00+00:00,1384,1417,4024031507.230382
rVST-2026-06-22-1,RVSTUSDT,2145,2026-06-19 00:00:00+00:00,0,1002,629689704.492032
rVTV-2026-06-26-1,RVTVUSDT,2228,2026-06-23 01:08:00+00:00,550,558,514379195.2833576
rYANG-2026-06-23-1,RYANGUSDT,2173,2026-06-22 00:04:00+00:00,639,794,25840064.885136604
rYINN-2026-06-23-1,RYINNUSDT,2327,2026-06-22 08:00:00+00:00,702,786,42535977.95909217
rDGRW-2026-06-25-1,RDGRWUSDT,2299,2026-06-22 00:01:00+00:00,475,447,76323989.10227995
rSCHD-2026-06-24-1,RSCHDUSDT,5223,2026-06-22 00:00:00+00:00,1346,1394,604724667.1865307
rKO-2026-06-15-1,RKOUSDT,3847,2026-06-12 00:00:00+00:00,0,1333,1062833783.8499228
rCRM-2026-06-11-1,RCRMUSDT,5476,2026-06-08 00:00:00+00:00,1104,1107,2458950733.6400957
rPAVE-2026-06-29-1,RPAVEUSDT,1556,2026-06-26 00:00:00+00:00,0,508,83010223.53024344
rFLQL-2026-06-26-1,RFLQLUSDT,982,2026-06-23 13:30:00+00:00,244,250,37363819.36208397
rHYS-2026-07-01-1,RHYSUSDT,1323,2026-06-29 13:30:00+00:00,374,314,10213026.371325662
rSTX-2026-06-24-1,RSTXUSDT,5117,2026-06-22 00:00:00+00:00,1325,1155,3678265132.383842
rSGOV-2026-07-01-1,RSGOVUSDT,4600,2026-06-29 00:00:00+00:00,1068,1178,3846226484.4756784
rCLOI-2026-07-01-1,RCLOIUSDT,1188,2026-06-29 13:19:00+00:00,287,349,13323408.75913657
rCOPX-2026-06-29-1,RCOPXUSDT,2147,2026-06-26 00:01:00+00:00,0,726,146918037.37971115
rLIT-2026-06-29-1,RLITUSDT,1430,2026-06-26 00:23:00+00:00,0,495,17829838.511120483
rTLT-2026-07-01-1,RTLTUSDT,3918,2026-06-29 00:00:00+00:00,955,1011,2368143589.899579
rBOTZ-2026-06-29-1,RBOTZUSDT,2087,2026-06-26 00:00:00+00:00,0,682,49430410.34491959
rBITI-2026-07-01-1,RBITIUSDT,3471,2026-06-29 00:00:00+00:00,848,874,28072711.910022438
rLRCX-2026-06-17-1,RLRCXUSDT,5050,2026-06-15 00:00:00+00:00,1190,1234,3330577120.8808556
rBITO-2026-07-01-1,RBITOUSDT,4213,2026-06-29 00:00:00+00:00,1063,1100,1809524986.1823509
rNXPI-2026-06-24-1,RNXPIUSDT,3538,2026-06-22 00:00:00+00:00,880,796,751693297.0587571
rTSM-2026-06-11-1,RTSMUSDT,6948,2026-06-08 00:00:00+00:00,1388,1375,5152028418.81007
rMO-2026-06-15-1,RMOUSDT,2346,2026-06-12 00:05:00+00:00,0,879,547610366.712229
rHIMX-2026-06-30-1,RHIMXUSDT,1732,2026-06-29 00:11:00+00:00,567,577,40497998.5252383
rQQQ-2026-06-22-1,RQQQUSDT,2881,2026-06-19 00:00:00+00:00,0,1439,31350753573.974464
rSATA-2026-07-09-1,RSATAUSDT,2068,2026-07-06 00:46:00+00:00,458,471,11862763.971180826
rSATA-2026-07-10-2,RSATAUSDT,1867,2026-07-07 01:04:00+00:00,471,455,10406413.671307279
rPWR-2026-07-01-1,RPWRUSDT,2548,2026-06-29 00:01:00+00:00,610,679,854587676.5314853
rBABA-2026-06-11-1,RBABAUSDT,6430,2026-06-08 00:00:00+00:00,1331,1372,1807579548.2737927
rGEV-2026-06-16-1,RGEVUSDT,3469,2026-06-13 00:00:00+00:00,1287,1113,2442800134.230093
rGFS-2026-06-24-1,RGFSUSDT,3464,2026-06-22 00:00:00+00:00,961,803,210946873.8910059
rSATA-2026-07-13-3,RSATAUSDT,1365,2026-07-10 00:00:00+00:00,0,462,15510720.993978059
rHPE-2026-06-16-1,RHPEUSDT,3238,2026-06-15 00:00:00+00:00,1204,1041,1026366558.548434
rMPWR-2026-06-30-1,RMPWRUSDT,2008,2026-06-29 00:01:00+00:00,679,640,2344809636.0843134
rHEI-2026-07-01-1,RHEIUSDT,1693,2026-06-29 08:00:00+00:00,433,430,169420854.09219056
rAPH-2026-06-23-1,RAPHUSDT,0,,0,0,0.0
rSTRC-2026-06-30-1,RSTRCUSDT,2952,2026-06-29 00:00:00+00:00,1047,957,436333698.9224031
rPCG-2026-06-30-1,RPCGUSDT,1495,2026-06-29 00:08:00+00:00,499,490,300802046.6905397
rSATA-2026-07-14-4,RSATAUSDT,1366,2026-07-11 00:00:00+00:00,462,446,9522591.226641096
rOPRA-2026-07-07-1,ROPRAUSDT,1262,2026-07-06 00:02:00+00:00,430,416,6272311.173882517
rINTU-2026-07-09-1,RINTUUSDT,4021,2026-07-06 00:00:00+00:00,850,805,1088343564.5234137
rMDT-2026-06-26-1,RMDTUSDT,2313,2026-06-23 00:00:00+00:00,572,592,669870221.1209977
rPM-2026-06-25-1,RPMUSDT,2739,2026-06-22 00:04:00+00:00,550,513,384830067.7740119
rMU-2026-07-06-1,RMUUSDT,3345,2026-07-03 00:00:00+00:00,128,1440,35041498162.77086
rSATA-2026-07-21-5,RSATAUSDT,1377,2026-07-20 01:40:00+00:00,469,464,11829098.819656007
rCSCO-2026-07-06-1,RCSCOUSDT,1710,2026-07-06 00:00:00+00:00,0,884,2615758250.5222626
rCMCSA-2026-07-01-1,RCMCSAUSDT,3447,2026-06-29 00:00:00+00:00,967,828,1244951476.468516
rDIS-2026-06-30-1,RDISUSDT,2520,2026-06-29 00:00:00+00:00,788,864,1230018163.8317833
